atividade_id,feature,importancia_media_s_km,importancia_desvio_s_km
21568213058,zona_ordem,-2.012510591716319,2.0223942538024895
21568213058,zona_limite_inferior_bpm,-5.117889762879445,2.048827133914208
21568213058,zona_limite_superior_bpm,-4.897178896239469,1.6731836691059283
21568213058,zona_aberta,0.0,0.0
21568213058,declive_pct,-0.1318392733147377,1.6335435400878262
21568213058,altitude_normalizada,0.20903566691457343,0.45654105368381825
21568213058,distancia_inicio_km,9.381497123704921,1.1336511367376287
21568213058,subida_acumulada_m,22.518592167739445,2.698064341107661
21568213058,comprimento_troco_m,0.0,0.0
21574110161,zona_ordem,-1.8999097983132125,0.7129505325390568
21574110161,zona_limite_inferior_bpm,-1.0705217167572627,0.9756169156637021
21574110161,zona_limite_superior_bpm,-0.8749398419582107,1.0219891861611445
21574110161,zona_aberta,0.0,0.0
21574110161,declive_pct,6.987652406734512,1.010325841041788
21574110161,altitude_normalizada,-2.1986036791633987,0.44149187770569454
21574110161,distancia_inicio_km,6.158914250118905,1.223797864643499
21574110161,subida_acumulada_m,20.01409730375524,3.374421299688722
21574110161,comprimento_troco_m,0.14510368601229545,0.23419646020001358
21604546980,zona_ordem,0.6706864364762097,0.4475604297504305
21604546980,zona_limite_inferior_bpm,0.5813482365809307,0.6008917129996254
21604546980,zona_limite_superior_bpm,0.6438745096041529,0.4224254131230872
21604546980,zona_aberta,0.0,0.0
21604546980,declive_pct,5.241262789162741,4.141097686549383
21604546980,altitude_normalizada,1.4971675271644245,0.4065595558701072
21604546980,distancia_inicio_km,1.579104002043799,1.0135956146651752
21604546980,subida_acumulada_m,17.14430667745181,8.317827488501624
21604546980,comprimento_troco_m,0.0,0.0
21648150892,zona_ordem,-2.595128590617614,0.6532910799655494
21648150892,zona_limite_inferior_bpm,-3.5937743129341655,0.38877635588164644
21648150892,zona_limite_superior_bpm,-3.082918503343005,0.595803815429424
21648150892,zona_aberta,0.0,0.0
21648150892,declive_pct,12.388234470719462,1.257318055619815
21648150892,altitude_normalizada,0.41465361673065504,0.10495199923823342
21648150892,distancia_inicio_km,11.83316370590104,1.6088086819015632
21648150892,subida_acumulada_m,26.158786740828567,2.6381751638713835
21648150892,comprimento_troco_m,0.0,0.0
21682806144,zona_ordem,0.20847981791196873,0.19311285729627817
21682806144,zona_limite_inferior_bpm,0.17828141979190662,0.18646879041618086
21682806144,zona_limite_superior_bpm,0.19232988058781758,0.3294564819081678
21682806144,zona_aberta,0.0,0.0
21682806144,declive_pct,6.377023492320207,4.037520379768978
21682806144,altitude_normalizada,-0.25114562027243326,0.36573050228102605
21682806144,distancia_inicio_km,3.836266940087866,1.2463160008800531
21682806144,subida_acumulada_m,11.562147943891958,4.493083391353974
21682806144,comprimento_troco_m,0.0,0.0
21703191468,zona_ordem,-0.3034230763142517,0.7332597711680784
21703191468,zona_limite_inferior_bpm,3.077286043456283,0.5530100531333185
21703191468,zona_limite_superior_bpm,0.9665687216076521,0.345571865890148
21703191468,zona_aberta,0.0,0.0
21703191468,declive_pct,7.529674899222433,3.3834095642892175
21703191468,altitude_normalizada,2.7510429270993257,0.7227250166508568
21703191468,distancia_inicio_km,-1.0595734620072021,0.7652909708939009
21703191468,subida_acumulada_m,5.838247735588607,2.2731253428366966
21703191468,comprimento_troco_m,0.0,0.0
21729420815,zona_ordem,-2.167282857114974,0.9753820898466382
21729420815,zona_limite_inferior_bpm,-2.3262314209193407,1.428695445352883
21729420815,zona_limite_superior_bpm,-1.8674940389756187,0.6280628904256588
21729420815,zona_aberta,0.0,0.0
21729420815,declive_pct,26.846809851764675,1.4408564088932827
21729420815,altitude_normalizada,0.17083894457058335,0.3419492244706463
21729420815,distancia_inicio_km,4.634993557312899,1.3327913814840833
21729420815,subida_acumulada_m,24.323325894788304,1.8984561567311082
21729420815,comprimento_troco_m,-0.17559643250563822,0.17317152845437447
21827489413,zona_ordem,-0.1692827506394849,0.36302026942341103
21827489413,zona_limite_inferior_bpm,0.07984468673085132,0.359182919297622
21827489413,zona_limite_superior_bpm,-0.016975820043856515,0.28171444558006065
21827489413,zona_aberta,0.0,0.0
21827489413,declive_pct,2.1747423578138694,2.5692893100250966
21827489413,altitude_normalizada,-0.17002688473224623,0.40898380347783037
21827489413,distancia_inicio_km,-3.0309841905487174,0.8473104830533855
21827489413,subida_acumulada_m,19.984307036906756,4.361339759877905
21827489413,comprimento_troco_m,0.0,0.0
21848059283,zona_ordem,0.09777087840326856,0.7943272591135229
21848059283,zona_limite_inferior_bpm,-0.5630643802101218,0.7983504050742312
21848059283,zona_limite_superior_bpm,-0.23530643060485232,0.8543594904599667
21848059283,zona_aberta,0.0,0.0
21848059283,declive_pct,1.1037904451134977,1.9479264624223294
21848059283,altitude_normalizada,0.46818105241854224,0.560282818818298
21848059283,distancia_inicio_km,1.821470054369975,1.8132318792500028
21848059283,subida_acumulada_m,26.58854472574035,4.228157410345867
21848059283,comprimento_troco_m,0.04329694474788113,0.2853392167574339
21862167927,zona_ordem,0.42158990341215985,0.3169283415938796
21862167927,zona_limite_inferior_bpm,0.5442562574420876,0.33023535002017623
21862167927,zona_limite_superior_bpm,-0.13680632594647973,0.3099461859029518
21862167927,zona_aberta,0.0,0.0
21862167927,declive_pct,10.106910369734758,0.9288647270060899
21862167927,altitude_normalizada,1.5618191416856448,0.618615204105328
21862167927,distancia_inicio_km,10.79004720087072,0.6662349417545979
21862167927,subida_acumulada_m,20.624627216468646,1.3914562167012121
21862167927,comprimento_troco_m,-0.000908648066875628,0.0561646569216375
21909979898,zona_ordem,-0.3646443680796366,0.5015840157766983
21909979898,zona_limite_inferior_bpm,-0.34121953459598303,0.5093832319714015
21909979898,zona_limite_superior_bpm,-0.2500995921977747,0.5685486333317064
21909979898,zona_aberta,0.0,0.0
21909979898,declive_pct,0.31858025137390344,2.0249584828070364
21909979898,altitude_normalizada,-0.3677836383921445,0.2794247070231355
21909979898,distancia_inicio_km,4.1359693688485395,1.1686259910160197
21909979898,subida_acumulada_m,-7.801364161067693,4.164776032420498
21909979898,comprimento_troco_m,-0.2372094472719894,0.48432333698341545
21946978854,zona_ordem,2.794878333897208,0.4592351734221705
21946978854,zona_limite_inferior_bpm,5.705075875312424,0.8513956393454128
21946978854,zona_limite_superior_bpm,5.4100060753386074,0.8273419983646347
21946978854,zona_aberta,0.0,0.0
21946978854,declive_pct,11.972080718506387,1.1491422488463163
21946978854,altitude_normalizada,-0.051095174035883414,0.31822152884824545
21946978854,distancia_inicio_km,-2.379398934024156,2.462778455373168
21946978854,subida_acumulada_m,7.522492103799607,1.2694480243074824
21946978854,comprimento_troco_m,0.03191782224597972,0.06838595347072313
22118031985,zona_ordem,-1.7969913895070797,0.415575357795402
22118031985,zona_limite_inferior_bpm,-2.428847240209315,0.7550876688166573
22118031985,zona_limite_superior_bpm,-1.119166679399396,0.46273104386694347
22118031985,zona_aberta,0.0,0.0
22118031985,declive_pct,6.838402308267891,1.8231627199738518
22118031985,altitude_normalizada,-0.2096609698239206,0.3873219368644908
22118031985,distancia_inicio_km,9.907833483551022,0.845170419763286
22118031985,subida_acumulada_m,21.23234821293482,2.576035749802788
22118031985,comprimento_troco_m,0.0,0.0
22259327797,zona_ordem,-3.7022345381265653,0.4137863954251938
22259327797,zona_limite_inferior_bpm,-1.9328711014087119,0.3279878953889042
22259327797,zona_limite_superior_bpm,-5.230541507347107,0.4210039385763894
22259327797,zona_aberta,0.0,0.0
22259327797,declive_pct,55.79818154939577,5.643791876926241
22259327797,altitude_normalizada,1.4333349183031032,0.4810597012833122
22259327797,distancia_inicio_km,7.098087490430146,1.391602215212421
22259327797,subida_acumulada_m,19.52352347777238,2.974333990367659
22259327797,comprimento_troco_m,0.03407934816458465,0.06313697953617146
22582028728,zona_ordem,2.411091590584428,0.6666553655097026
22582028728,zona_limite_inferior_bpm,3.528857741214021,1.1799176782496659
22582028728,zona_limite_superior_bpm,1.930079279722591,0.875389451161971
22582028728,zona_aberta,0.0,0.0
22582028728,declive_pct,8.349628189402264,1.8080420114023756
22582028728,altitude_normalizada,0.5235381706626647,0.20285691915514475
22582028728,distancia_inicio_km,0.5707818221710689,1.7612786481199136
22582028728,subida_acumulada_m,15.23097277374283,2.2755539232412665
22582028728,comprimento_troco_m,-0.09667858264660936,0.0949360113779441
22610623020,zona_ordem,-1.300522241519642,0.3680574876664087
22610623020,zona_limite_inferior_bpm,-0.8235957876320661,0.29588872583812964
22610623020,zona_limite_superior_bpm,-0.6158005930030377,0.2552348622677609
22610623020,zona_aberta,0.0,0.0
22610623020,declive_pct,3.8979871915782,1.138409744738008
22610623020,altitude_normalizada,0.26912478854049765,0.27038040464882585
22610623020,distancia_inicio_km,-0.009960021994005076,1.0085030690877428
22610623020,subida_acumulada_m,22.095064494492682,3.5545689655775443
22610623020,comprimento_troco_m,0.0,0.0
22664327478,zona_ordem,0.33911184240060377,0.16132407382311637
22664327478,zona_limite_inferior_bpm,0.5863308206393298,0.132744687537951
22664327478,zona_limite_superior_bpm,0.4586070216966675,0.11802899881267062
22664327478,zona_aberta,0.0,0.0
22664327478,declive_pct,50.54818360283066,5.883162512454467
22664327478,altitude_normalizada,-0.2780483346662777,0.2622389704107183
22664327478,distancia_inicio_km,3.9485724343090682,1.4216373744833046
22664327478,subida_acumulada_m,3.8426547558395185,1.1085977166232266
22664327478,comprimento_troco_m,0.0,0.0
22882313372,zona_ordem,-0.03149441939026083,0.28997216438989265
22882313372,zona_limite_inferior_bpm,-0.2694676176795401,0.22423539849642032
22882313372,zona_limite_superior_bpm,-0.05844154773195811,0.34853165396818553
22882313372,zona_aberta,0.0,0.0
22882313372,declive_pct,5.036208776223541,1.1790665620578151
22882313372,altitude_normalizada,0.37485176009136933,0.5191022301192922
22882313372,distancia_inicio_km,4.9149894470037285,1.0571381174652823
22882313372,subida_acumulada_m,25.404677991972072,2.513044269554952
22882313372,comprimento_troco_m,-0.022786589628750777,0.33781062818398355
22910890927,zona_ordem,-1.6501478392347237,0.884304022147934
22910890927,zona_limite_inferior_bpm,-2.530381595949307,0.4562518879785314
22910890927,zona_limite_superior_bpm,-1.4034798418020578,0.35578119068102815
22910890927,zona_aberta,0.0,0.0
22910890927,declive_pct,19.70635905333307,1.691994209755829
22910890927,altitude_normalizada,0.12100593396176791,0.13994278914973973
22910890927,distancia_inicio_km,5.0674117070225035,0.6138632570459394
22910890927,subida_acumulada_m,14.551791055107085,2.7855353806914707
22910890927,comprimento_troco_m,0.03493681043107273,0.09720307635802461
22943992812,zona_ordem,6.747941559020947,1.2818870778528861
22943992812,zona_limite_inferior_bpm,9.22032783522164,1.378134037952377
22943992812,zona_limite_superior_bpm,5.9908442512442335,1.1815092129526144
22943992812,zona_aberta,0.0,0.0
22943992812,declive_pct,5.145708956217857,1.1016390802865463
22943992812,altitude_normalizada,0.28979002717491936,0.23322655857268865
22943992812,distancia_inicio_km,-0.18026129993945544,1.0116135817300766
22943992812,subida_acumulada_m,13.834106106629838,2.5225330021700443
22943992812,comprimento_troco_m,0.08158726996690717,0.16555927362791106
22980101796,zona_ordem,-0.1932882091180133,0.06761090049399987
22980101796,zona_limite_inferior_bpm,-0.1804323132392419,0.08987291446971572
22980101796,zona_limite_superior_bpm,-0.22139599702637583,0.09052839383828584
22980101796,zona_aberta,0.0,0.0
22980101796,declive_pct,2.423326171000312,0.2955732450902001
22980101796,altitude_normalizada,0.15677488288679484,0.15643606094051724
22980101796,distancia_inicio_km,10.113172310713072,0.5994283188319002
22980101796,subida_acumulada_m,14.014584768881496,1.1680290718154922
22980101796,comprimento_troco_m,0.03985682073374619,0.0376801992835496
23059351180,zona_ordem,-0.23667613425353765,0.10992339291170454
23059351180,zona_limite_inferior_bpm,-0.2773869974862489,0.2188168951180132
23059351180,zona_limite_superior_bpm,0.001989189207909803,0.24600919185366837
23059351180,zona_aberta,0.0,0.0
23059351180,declive_pct,0.952709497083578,0.3097840376687118
23059351180,altitude_normalizada,0.08787623529626636,0.0290839305145338
23059351180,distancia_inicio_km,0.9799373346896552,0.3096626320178431
23059351180,subida_acumulada_m,0.0808736998851515,0.29104758015310794
23059351180,comprimento_troco_m,-0.09156582351330655,0.07476318182844639
23064485029,zona_ordem,-0.35271808276640043,0.33436819043556454
23064485029,zona_limite_inferior_bpm,-0.16746191600106214,0.24194931738658076
23064485029,zona_limite_superior_bpm,-0.6259407490284694,0.33519151360135513
23064485029,zona_aberta,0.0,0.0
23064485029,declive_pct,10.48312811470112,0.845250351616758
23064485029,altitude_normalizada,-0.6848923332490948,0.2978430193640697
23064485029,distancia_inicio_km,14.19392991766145,0.9358023197166064
23064485029,subida_acumulada_m,11.174727351202494,1.868988223017378
23064485029,comprimento_troco_m,0.0032477836103474546,0.05404198528755341
23095730671,zona_ordem,-0.7238753885079078,0.23994745428305533
23095730671,zona_limite_inferior_bpm,-1.3868583043253409,0.34591602156875406
23095730671,zona_limite_superior_bpm,1.3568543759611402,0.29190274802986993
23095730671,zona_aberta,0.0,0.0
23095730671,declive_pct,-2.3751235666936097,0.35618018699180026
23095730671,altitude_normalizada,3.2173467043467996,0.5397328272445158
23095730671,distancia_inicio_km,6.580772971408966,0.6028366734901737
23095730671,subida_acumulada_m,13.103728740139621,1.953316351378031
23095730671,comprimento_troco_m,0.35375613129521355,0.0
23119535339,zona_ordem,0.059498510035633244,0.14185842663678305
23119535339,zona_limite_inferior_bpm,0.01616190874211725,0.26776422971110075
23119535339,zona_limite_superior_bpm,0.041313626851332684,0.22656381828577526
23119535339,zona_aberta,0.0,0.0
23119535339,declive_pct,6.721812561783878,0.6906685474303336
23119535339,altitude_normalizada,0.6000713283063,0.49042742861687166
23119535339,distancia_inicio_km,10.188924585507488,0.4771606067038956
23119535339,subida_acumulada_m,23.797245957496802,3.0239810531536473
23119535339,comprimento_troco_m,0.019657861217223172,0.16848741616947055
23161986328,zona_ordem,0.3905192621048343,0.14742515732610706
23161986328,zona_limite_inferior_bpm,0.008895397053080956,0.0792122972880651
23161986328,zona_limite_superior_bpm,0.12284695333395775,0.1955976732461011
23161986328,zona_aberta,0.0,0.0
23161986328,declive_pct,86.9666937813229,3.6012799334311474
23161986328,altitude_normalizada,-2.458922781437354,0.8221724794705283
23161986328,distancia_inicio_km,-5.25016189786096,1.2721616968275797
23161986328,subida_acumulada_m,5.696021878144333,1.0756108265364175
23161986328,comprimento_troco_m,0.03490709054826624,0.03327134836228788
23192176528,zona_ordem,0.17203792835366372,0.12350294244636142
23192176528,zona_limite_inferior_bpm,0.19501587410960183,0.10205129775015992
23192176528,zona_limite_superior_bpm,-0.3658484664129141,0.3435097189661397
23192176528,zona_aberta,0.0,0.0
23192176528,declive_pct,1.116560043359123,0.28183167414194116
23192176528,altitude_normalizada,-1.7432108069629728,0.6406072560083111
23192176528,distancia_inicio_km,1.2533460838792905,0.4169311879628607
23192176528,subida_acumulada_m,6.473133964454607,2.3084247533054922
23192176528,comprimento_troco_m,-0.15820870651242275,0.32841773001305613
23219229363,zona_ordem,-8.488349915772329,2.0786009255273337
23219229363,zona_limite_inferior_bpm,-5.824079552479088,1.497620185104362
23219229363,zona_limite_superior_bpm,-7.428677960417787,1.8395512529287352
23219229363,zona_aberta,0.0,0.0
23219229363,declive_pct,1.3019839079032196,0.41859060529247766
23219229363,altitude_normalizada,0.0,0.0
23219229363,distancia_inicio_km,-2.074353308302684,0.6988116936060219
23219229363,subida_acumulada_m,2.698552620547261,0.6734421824368
23219229363,comprimento_troco_m,0.2791449286819848,0.310161029351143
23299035298,zona_ordem,-1.9171061078927445,0.3368923354396788
23299035298,zona_limite_inferior_bpm,-0.6455036151854813,0.29874112230047994
23299035298,zona_limite_superior_bpm,-1.2407939109092403,0.4176819902897771
23299035298,zona_aberta,0.0,0.0
23299035298,declive_pct,-2.0670343783273557,0.8226399772725059
23299035298,altitude_normalizada,0.585521285952565,0.3779913559834683
23299035298,distancia_inicio_km,8.915597062034358,0.5815731115255871
23299035298,subida_acumulada_m,15.5792216309459,1.3359385046421524
23299035298,comprimento_troco_m,0.31501367851532364,0.1250625446183789
23356119297,zona_ordem,8.40827395358939,2.0702583490171023
23356119297,zona_limite_inferior_bpm,11.892421494624985,2.5808295449790464
23356119297,zona_limite_superior_bpm,4.409247511707155,1.2035900948162155
23356119297,zona_aberta,0.0,0.0
23356119297,declive_pct,7.969542608042273,1.9087704541425792
23356119297,altitude_normalizada,-0.027533777662382873,0.24409729294325616
23356119297,distancia_inicio_km,1.6463770904602342,0.31899401724891846
23356119297,subida_acumulada_m,7.079948185584842,0.9722337209146026
23356119297,comprimento_troco_m,0.35759316022266174,0.2083507056916774
23379302381,zona_ordem,0.004433529441921991,0.029408707311736056
23379302381,zona_limite_inferior_bpm,0.07399207747212841,0.007342725245327131
23379302381,zona_limite_superior_bpm,0.3036842421779319,0.0301366041855954
23379302381,zona_aberta,0.0,0.0
23379302381,declive_pct,0.07462705266958522,0.03605542153873071
23379302381,altitude_normalizada,-2.842170943040401e-15,3.4809342861069272e-15
23379302381,distancia_inicio_km,0.4896482508344178,0.09941587913732966
23379302381,subida_acumulada_m,0.16018237787031708,0.08377469954636167
23379302381,comprimento_troco_m,0.0,0.0
23996168837,zona_ordem,6.190247229913107,0.8921162336797646
23996168837,zona_limite_inferior_bpm,3.27303545280009,0.8688099960324193
23996168837,zona_limite_superior_bpm,6.748485089420645,1.062960248131132
23996168837,zona_aberta,0.0,0.0
23996168837,declive_pct,5.71062803208625,3.066441366909624
23996168837,altitude_normalizada,-0.016373638968130422,0.44115250550287954
23996168837,distancia_inicio_km,-1.0379280757723919,1.5803022078592595
23996168837,subida_acumulada_m,37.21276362733535,3.886185114212036
23996168837,comprimento_troco_m,-0.06253070120449991,0.2376053245551726
24069625931,zona_ordem,0.1741436663432836,0.5768559289180001
24069625931,zona_limite_inferior_bpm,-0.2912287442191115,0.4919953131668207
24069625931,zona_limite_superior_bpm,-0.9946401020712798,0.47326859568470747
24069625931,zona_aberta,0.0,0.0
24069625931,declive_pct,3.0302308978534755,1.0579943738362791
24069625931,altitude_normalizada,-0.9215714411186553,0.28277179773648536
24069625931,distancia_inicio_km,7.840498154083326,1.1391168778753924
24069625931,subida_acumulada_m,19.376488063477463,1.9601131210129523
24069625931,comprimento_troco_m,0.0,0.0
24225591249,zona_ordem,5.395646284311927,1.3835713621515642
24225591249,zona_limite_inferior_bpm,-0.3419532329879441,0.8399791680894256
24225591249,zona_limite_superior_bpm,1.4823492034178198,0.981287001447352
24225591249,zona_aberta,0.0,0.0
24225591249,declive_pct,5.198883795983365,1.4031416465954123
24225591249,altitude_normalizada,-0.25667870644168855,0.15264241009538007
24225591249,distancia_inicio_km,5.503636486958714,0.580925063817039
24225591249,subida_acumulada_m,29.63697233740922,3.0919055103029978
24225591249,comprimento_troco_m,0.10834308296428966,0.18519882064405277
