fold,atividade_id,modelo,n_treino,n_teste,mae_s_km,rmse_s_km,r2,erro_assinado_s_km,tempo_treino_s,tempo_previsao_s
1,21568213058,Ridge,5300,76,58.38973863453913,76.32163820332181,-3.241707230086117,39.884119724952406,0.007994792991667055,0.0022758270060876384
1,21568213058,RandomForest,5300,76,41.85944376402904,50.145950461806,-0.8311210563522429,34.2577226796054,0.3841100660065422,0.03986861299199518
1,21568213058,GradientBoosting,5300,76,49.94716783749045,60.61993816403411,-1.6759395605646432,22.175980455683213,0.9245352670113789,0.0028856340068159625
1,21568213058,HistGradientBoosting,5300,76,50.91008084604963,60.90843181528669,-1.7014700567405283,10.341673373882372,0.9558350229926873,0.017051586997695267
1,21568213058,SVR_RBF,5300,76,43.53911658768999,49.8296689228313,-0.8080953337208006,35.15199027832134,0.5271518110093893,0.007366592006292194
1,21568213058,RedeNeuronal_MLP,5300,76,62.968844428705275,78.85082083927065,-3.5274927077409366,21.429982134152617,4.561229408995132,0.0012351409968687221
1,21568213058,Dummy,5300,76,73.56819359097612,77.87693743081256,-3.4163455885127547,68.49490018463167,0.0007117589993868023,0.0002463569981046021
2,21574110161,Ridge,5247,129,50.26194834083952,74.6787162925409,0.1367538233925738,13.28102829326724,0.002468274993589148,0.0007871429988881573
2,21574110161,RandomForest,5247,129,59.63623129947689,90.38487476170684,-0.26453978248680743,22.67894883866945,0.37653896800475195,0.04111890000058338
2,21574110161,GradientBoosting,5247,129,53.53691690896693,82.1541213953868,-0.04471946495085777,19.032283757771495,0.8626078450033674,0.001983045003726147
2,21574110161,HistGradientBoosting,5247,129,62.156528829062026,88.73491878610723,-0.2187933836431588,11.171982722779676,1.3664228550042026,0.003985906994785182
2,21574110161,SVR_RBF,5247,129,47.53364086977452,80.62801868315198,-0.006266352886067805,13.591405238401528,0.6033336709951982,0.012072580997482873
2,21574110161,RedeNeuronal_MLP,5247,129,63.02879607153599,87.74288627045219,-0.1916941520565687,23.372969517928915,13.366673322001589,0.0017106929881265387
2,21574110161,Dummy,5247,129,78.75346580316128,97.81771686489118,-0.4810714808566403,55.748645241574785,0.0013060289929853752,0.0004668909969041124
3,21604546980,Ridge,5335,41,128.22575381643304,175.33911950763994,0.054110803279172504,-41.25811896216204,0.0041300140001112595,0.0016429780080216005
3,21604546980,RandomForest,5335,41,114.43153905478088,155.6546691477595,0.25456989547726894,-56.58290042756667,0.4702131429949077,0.038028227994800545
3,21604546980,GradientBoosting,5335,41,112.92895339236617,154.0772382091494,0.269601970135946,-39.72651647458667,0.7500683719990775,0.0016536659968551248
3,21604546980,HistGradientBoosting,5335,41,117.76503999752454,158.16629721079534,0.23031943972819813,-50.95360329667325,1.0384473869926296,0.004654026008211076
3,21604546980,SVR_RBF,5335,41,141.21948741358318,200.88432037801573,-0.24157998466884556,-86.36499064362684,0.5384782870096387,0.004384874002425931
3,21604546980,RedeNeuronal_MLP,5335,41,110.386746675392,157.99684494866767,0.23196775860632302,-41.28397939390524,8.498308373003965,0.0023152960056904703
3,21604546980,Dummy,5335,41,137.31082187734486,196.9822509743262,-0.19381440378624548,-79.36914711362812,0.0012870520004071295,0.00046506000217050314
4,21648150892,Ridge,5130,246,58.958540983858924,76.90228955517563,-0.42218893865125695,0.2727228748214164,0.004376590994070284,0.0014147069887258112
4,21648150892,RandomForest,5130,246,51.61749407665217,64.61622581680753,-0.004065238895932355,-4.634751097049575,0.4430850240023574,0.04991393399541266
4,21648150892,GradientBoosting,5130,246,43.5270343173663,58.56621357059251,0.17515366241787156,-6.46274000594469,0.8855788899963954,0.0025782589946174994
4,21648150892,HistGradientBoosting,5130,246,44.1184378533782,59.56610528042362,0.146748292249127,-3.350219378359494,1.1720432470028754,0.010290927006280981
4,21648150892,SVR_RBF,5130,246,50.98027348900615,70.56694293514992,-0.19751610767619665,-12.801967884971319,0.6057360000122571,0.032685114012565464
4,21648150892,RedeNeuronal_MLP,5130,246,47.415597312890036,63.55165295814748,0.028746809460975742,-15.265281919403181,6.480857832008041,0.002072902992949821
4,21648150892,Dummy,5130,246,59.637104843793615,69.55538971823489,-0.1634302009899038,26.069144483768625,0.0007496600010199472,0.0002436680078972131
5,21682806144,Ridge,5296,80,92.57253967379064,119.31765554025196,-0.9603341752380832,-72.12410522619248,0.002563766000093892,0.0007470490090781823
5,21682806144,RandomForest,5296,80,63.009975104931264,75.10684656540278,0.22325271373330757,-14.560598034670614,0.37907642500067595,0.04029556299792603
5,21682806144,GradientBoosting,5296,80,62.238414223762426,80.50702495658693,0.10754105938348724,-30.16826690100699,0.7840623999945819,0.0016222190024564043
5,21682806144,HistGradientBoosting,5296,80,60.25105747970831,76.51158110685752,0.19392576104313552,-22.23495716163224,0.8624988340015989,0.0038583490095334128
5,21682806144,SVR_RBF,5296,80,119.75361482034164,146.34086434305422,-1.9488448283964033,-117.87925561542447,0.513929755994468,0.007828126996173523
5,21682806144,RedeNeuronal_MLP,5296,80,57.75592616330914,78.32144640391306,0.1553396911102074,5.04884798648998,11.187777802013443,0.001740202002110891
5,21682806144,Dummy,5296,80,115.0812873930302,141.66555217495272,-1.7634346952426125,-113.16688098349209,0.0007590340101160109,0.00022159899526741356
6,21703191468,Ridge,5321,55,213.28128858204042,245.22776191634992,-3.293525444370304,-207.82050640485605,0.002360710990615189,0.0007606949948240072
6,21703191468,RandomForest,5321,55,157.00802477083553,176.2047283818645,-1.2167151455429632,-151.27339432086953,0.37641075100691523,0.04082232700602617
6,21703191468,GradientBoosting,5321,55,166.6992034958546,193.88150816015707,-1.6837839452846795,-161.98539516986324,0.7950893660017755,0.0018762039981083944
6,21703191468,HistGradientBoosting,5321,55,171.08875120554538,195.3993363285166,-1.7259691745723202,-167.70529117343244,0.9943040820071474,0.004131200999836437
6,21703191468,SVR_RBF,5321,55,216.62951936950205,247.6833600009944,-3.379942740830436,-216.62951936950205,0.5281189479865134,0.005642463002004661
6,21703191468,RedeNeuronal_MLP,5321,55,121.3858661745147,141.1088011035696,-0.42161820351355606,-111.59060037499043,4.179528017994016,0.0011906869913218543
6,21703191468,Dummy,5321,55,197.71673961307408,230.43061276639307,-2.791011669852554,-197.71673961307408,0.000752709005610086,0.0002258829917991534
7,21729420815,Ridge,5112,264,80.10944870309163,124.7055119508066,0.038994722425156114,-29.73560940189748,0.0024080290022538975,0.0007534079923061654
7,21729420815,RandomForest,5112,264,69.55041822381858,106.12989972416774,0.3039667586345738,-6.996308399915253,0.40111535499454476,0.0525019019987667
7,21729420815,GradientBoosting,5112,264,69.78288641035287,109.88230786981111,0.25387770355772465,-26.124580413960743,0.9333323949977057,0.002627102003316395
7,21729420815,HistGradientBoosting,5112,264,69.85239187575088,112.05151526898962,0.22412824641953377,-21.789623635341243,1.0934301530069206,0.004253851002431475
7,21729420815,SVR_RBF,5112,264,87.25950857749021,138.59045992874843,-0.18691917363949462,-58.91421247208944,0.490303293991019,0.021313235003617592
7,21729420815,RedeNeuronal_MLP,5112,264,67.68634578268282,104.15909868719125,0.3295770080544588,-5.110004757252784,6.042449642001884,0.0012672939919866621
7,21729420815,Dummy,5112,264,85.35415231216854,129.55250133611906,-0.03716076310543315,-24.522518742323772,0.0006389010086422786,0.00021135600400157273
8,21827489413,Ridge,5256,120,118.18364074854253,145.71981718336343,-0.6812813300419625,-99.00649480504454,0.002614494995214045,0.0022286959865596145
8,21827489413,RandomForest,5256,120,95.56821814000601,118.93353243212233,-0.11998392909359157,-72.14668457517843,0.37982194899814203,0.042669239002862014
8,21827489413,GradientBoosting,5256,120,96.75843823068668,123.79533758724392,-0.21342162892423655,-74.5979400051852,0.7416144860035274,0.002181359988753684
8,21827489413,HistGradientBoosting,5256,120,90.3635201637624,114.93023963689917,-0.045855728146353414,-66.12052465018455,0.8316067609994207,0.006871963996673003
8,21827489413,SVR_RBF,5256,120,147.55282790394935,180.68810812181195,-1.5850104093376607,-141.90351517490473,0.5232015960064018,0.011402087999158539
8,21827489413,RedeNeuronal_MLP,5256,120,90.03803590597727,118.7854650048839,-0.11719699579106546,-66.0014636768527,12.916964407006162,0.002133408997906372
8,21827489413,Dummy,5256,120,144.90019149659383,178.46608622085537,-1.5218227260431476,-138.6374160143052,0.0010548139980528504,0.00024039600975811481
9,21848059283,Ridge,5263,113,102.39792367617345,133.74813870574908,-0.07140091858223885,-37.20230236191223,0.0028941030032001436,0.002775850996840745
9,21848059283,RandomForest,5263,113,99.48346856636756,127.29403290294243,0.029506541504196293,-12.444864073237769,0.4209750549925957,0.05723893399408553
9,21848059283,GradientBoosting,5263,113,89.75526823078263,117.21316149755661,0.17713369221840614,-19.708046396204598,0.7572286789945792,0.00224294800136704
9,21848059283,HistGradientBoosting,5263,113,87.42531635949818,112.71774914098442,0.23904121339593198,-6.192560618616335,2.2769132490066113,0.00392874599492643
9,21848059283,SVR_RBF,5263,113,110.91624366893694,148.39558128644794,-0.31892001610027654,-72.03767620714518,0.5592711359931855,0.011289810005109757
9,21848059283,RedeNeuronal_MLP,5263,113,102.20167586062647,130.48368169891546,-0.019738754948867898,43.67767687096311,12.450448897012393,0.002338910009711981
9,21848059283,Dummy,5263,113,107.52045146700361,142.20260562810512,-0.21113241811531647,-59.373028308892145,0.0006421760044759139,0.0002063249994534999
10,21862167927,Ridge,5067,309,60.225806553033955,69.89780921705774,-1.6010815011464685,51.13362929302981,0.002459643001202494,0.0007433059945469722
10,21862167927,RandomForest,5067,309,55.84271287113339,71.03455661163963,-1.6863721743493887,43.15957551710796,0.36917340599757154,0.0391250570100965
10,21862167927,GradientBoosting,5067,309,51.2606945406816,61.194133363729556,-0.9936384897375656,39.12036421119849,0.8441203689872054,0.0016105569957289845
10,21862167927,HistGradientBoosting,5067,309,50.134705652706444,60.3600631110515,-0.9396626482905381,36.82227769804891,0.8438196979986969,0.004810876998817548
10,21862167927,SVR_RBF,5067,309,51.215393886875866,60.499530099462156,-0.9486365102265222,39.48461806039382,0.4736210260016378,0.023892799988971092
10,21862167927,RedeNeuronal_MLP,5067,309,45.516077586458294,57.171157020215745,-0.7401263977807342,29.00675282208435,6.587872724994668,0.0015261259977705777
10,21862167927,Dummy,5067,309,81.79842971537616,86.82832083279919,-3.013743700810169,75.23843296002983,0.0011128149926662445,0.00022381199232768267
11,21909979898,Ridge,5279,97,62.90127970863347,78.75681280698227,-0.13972725841063593,-1.9998968602433262,0.002305399000761099,0.0007318230054806918
11,21909979898,RandomForest,5279,97,96.43798310528824,110.9381223288456,-1.261446366899496,27.038089152821087,0.36372346099233255,0.03925375500693917
11,21909979898,GradientBoosting,5279,97,86.94924414507727,107.6275126547127,-1.1284883499260072,38.53229886919289,0.7774340819887584,0.0015681690128985792
11,21909979898,HistGradientBoosting,5279,97,90.96833509395945,110.10568062936375,-1.2276354583275215,49.244401577442744,0.7808045449928613,0.003917715002899058
11,21909979898,SVR_RBF,5279,97,67.5429340672575,93.15642801350532,-0.5945947341135576,-54.54703665620249,0.6805117009935202,0.017068323999410495
11,21909979898,RedeNeuronal_MLP,5279,97,67.22729336458256,84.49234177990091,-0.31177504476960993,17.78123763863916,9.532912654001848,0.0024509890063200146
11,21909979898,Dummy,5279,97,64.17892361675949,89.61326514135588,-0.47560212986415995,-50.87560189016043,0.0006745310092810541,0.00021867098985239863
12,21946978854,Ridge,5165,211,61.17085217877232,89.28491225676797,0.09629251449835186,-22.660872805519766,0.002413041002000682,0.0007419860048685223
12,21946978854,RandomForest,5165,211,63.896107886980474,93.1817131580223,0.015687254261961936,0.13011564652766813,0.35413252300349995,0.04232476399920415
12,21946978854,GradientBoosting,5165,211,70.64357287975562,97.88961687183897,-0.08628800685241833,2.7741551856117885,0.7104949509957805,0.001239111996255815
12,21946978854,HistGradientBoosting,5165,211,74.96305360021786,102.32013804402578,-0.18684488398056298,8.413072453627453,0.8168360530107748,0.003997029009042308
12,21946978854,SVR_RBF,5165,211,78.83733336164006,110.4939375359982,-0.3840399553891791,-65.58454155905841,0.4940911150042666,0.020238678000168875
12,21946978854,RedeNeuronal_MLP,5165,211,78.87712757445746,112.08101083813645,-0.42408465078996893,11.564650957514973,7.020001972996397,0.0016244740108959377
12,21946978854,Dummy,5165,211,73.22943073260691,102.7661371585248,-0.19721401402412653,-41.70931166649582,0.0008424749976256862,0.00024447799660265446
13,22118031985,Ridge,5229,147,57.99483847063405,71.03186203522249,-0.012893468946764575,-6.5630601797348165,0.002367089007748291,0.0007188869931269437
13,22118031985,RandomForest,5229,147,57.431547454197165,73.2241023519776,-0.07637966572246913,27.909150425050406,0.36407231699558906,0.03859726600057911
13,22118031985,GradientBoosting,5229,147,56.23249473387961,70.19781380586532,0.010753446525210264,15.558119584129503,0.9129013339988887,0.0022630339954048395
13,22118031985,HistGradientBoosting,5229,147,60.93633466056213,73.89175804399525,-0.096097963636669,34.15911877150743,0.8891629050049232,0.0067290699953446165
13,22118031985,SVR_RBF,5229,147,68.48124002943757,85.63847328917798,-0.4722962456722106,-42.65871258284362,0.5796611359983217,0.023903153007267974
13,22118031985,RedeNeuronal_MLP,5229,147,59.88563981221391,78.00454897598999,-0.22151057776098226,23.382277856496582,16.304181682004128,0.002440128999296576
13,22118031985,Dummy,5229,147,61.06735765956274,77.40693866827424,-0.20286574169149385,-31.78891247467904,0.0016299760027322918,0.00046522000047843903
14,22259327797,Ridge,5159,217,113.19770642352373,139.7558753464742,0.13118109103753706,-1.8972903558114582,0.00580270700447727,0.0014773229922866449
14,22259327797,RandomForest,5159,217,105.02934878160627,120.87743433646129,0.35005054836734895,70.41194716044232,0.4421808140032226,0.041705622992594726
14,22259327797,GradientBoosting,5159,217,88.54178129726844,104.69155298049883,0.5124575907224121,47.0970712765285,0.9833357169991359,0.0020800839993171394
14,22259327797,HistGradientBoosting,5159,217,97.92421204785843,113.78615329986008,0.4240723273411484,57.462145596177535,0.8632554509968031,0.004160409007454291
14,22259327797,SVR_RBF,5159,217,120.74645081826898,152.78452871519954,-0.03835981569814484,-16.653848689757776,0.49871340800018515,0.01745148201007396
14,22259327797,RedeNeuronal_MLP,5159,217,120.38056546987693,139.29192390742242,0.13694000039212884,98.69758373642105,11.699986249004724,0.0017829169955803081
14,22259327797,Dummy,5159,217,125.79660378669256,150.50065307622174,-0.007548321585099549,13.026586862268042,0.002060903003439307,0.00042971600487362593
15,22582028728,Ridge,5184,192,65.99760300611494,77.63046731461293,-0.4708380088881996,-50.01565569053616,0.003942263996577822,0.0013158989895600826
15,22582028728,RandomForest,5184,192,67.11501803005278,80.41664767776763,-0.5783102345426177,-50.61379308882656,0.3802786460000789,0.05017212699749507
15,22582028728,GradientBoosting,5184,192,62.19559112587831,71.48485976735823,-0.24717840477020103,-38.72564140915462,0.8620979819970671,0.0021415609953692183
15,22582028728,HistGradientBoosting,5184,192,64.54321500915475,74.29784679734422,-0.3472646004694533,-36.17359011694558,0.7568021729966858,0.0039239020115928724
15,22582028728,SVR_RBF,5184,192,75.42740883648652,86.0501511382417,-0.8071895978573607,-56.7759044841741,0.5586812580004334,0.027895907987840474
15,22582028728,RedeNeuronal_MLP,5184,192,71.69683673855978,83.79424044641802,-0.7136762605404143,-55.8444350544493,12.811971535003977,0.004329468996729702
15,22582028728,Dummy,5184,192,50.37819026968807,65.57817358610575,-0.04958853277922448,-14.254119903687581,0.0008600870060035959,0.0002741150092333555
16,22610623020,Ridge,5287,89,81.1646043831331,100.67635272863592,-1.1640925043550672,-67.93796891285506,0.005277734991977923,0.0011277459998382255
16,22610623020,RandomForest,5287,89,45.46930937707327,62.01109723380275,0.17896871651442237,8.116336631368894,0.3905088350002188,0.04210813400277402
16,22610623020,GradientBoosting,5287,89,50.71034218198653,66.35084881961657,0.06003033165610849,-25.351228686226975,0.8125861509906827,0.0023753769928589463
16,22610623020,HistGradientBoosting,5287,89,37.207940152066506,51.418291956362864,0.43551011377396254,-4.441028160519672,1.0812127470126143,0.003992418001871556
16,22610623020,SVR_RBF,5287,89,111.10121710176263,130.76215904330772,-2.6507747558964256,-109.3007082100076,0.5527524759963853,0.009734881998156197
16,22610623020,RedeNeuronal_MLP,5287,89,44.78359231721225,57.29064978111207,0.2992092361139689,9.42141485713312,13.299892527007614,0.002128425010596402
16,22610623020,Dummy,5287,89,102.98196403130909,122.10807441448216,-2.183535072665026,-101.12758808076653,0.0011986480094492435,0.0003718120133271441
17,22664327478,Ridge,5112,264,158.12443709852963,232.91023846149275,-0.24072006424326142,-127.1460272175005,0.00410479299898725,0.0013165749987820163
17,22664327478,RandomForest,5112,264,122.8992760161723,172.69666160100752,0.3178741153975765,-90.0149932174264,0.3969083740084898,0.044028892007190734
17,22664327478,GradientBoosting,5112,264,135.3099392455155,188.94351313923585,0.18349167372664732,-120.56494061927174,0.7108301260013832,0.0017513310012873262
17,22664327478,HistGradientBoosting,5112,264,135.52647667050965,197.47388702197614,0.10810034698062698,-114.42388571494637,0.9298980240128003,0.0057338610058650374
17,22664327478,SVR_RBF,5112,264,164.8958575850928,249.37077856350703,-0.4222887268254012,-141.40437347434582,0.49158993498713244,0.019645362001028843
17,22664327478,RedeNeuronal_MLP,5112,264,133.03720538236067,178.0914436300039,0.27459130959514677,-117.09362616493048,11.932994214992505,0.0023052030010148883
17,22664327478,Dummy,5112,264,159.45551380687493,236.5992901727227,-0.28033471203428784,-110.71083231920396,0.0014351050049299374,0.000430358006269671
18,22882313372,Ridge,5273,103,42.32197640903008,51.34918065494935,0.2279195842865689,6.070536631003374,0.005140051987837069,0.0013677099923370406
18,22882313372,RandomForest,5273,103,29.99403727402969,38.677765179303,0.5619554869350474,-21.0074645675479,0.4044957009900827,0.04104902000108268
18,22882313372,GradientBoosting,5273,103,31.460215053582512,45.46478219143069,0.3947347651501205,-22.31243814837286,0.8017135039990535,0.002232790007838048
18,22882313372,HistGradientBoosting,5273,103,29.196721453746687,40.51299071286583,0.5193996210688185,-16.771134720740946,0.9605942950001918,0.003893537010299042
18,22882313372,SVR_RBF,5273,103,52.38064971870196,68.13914610809849,-0.35953024524041255,-32.72576929814483,0.5140553230012301,0.010438822995638475
18,22882313372,RedeNeuronal_MLP,5273,103,28.51927338080979,41.314780614536055,0.5001883188119487,-10.38360784284832,9.986339035996934,0.00163562799571082
18,22882313372,Dummy,5273,103,52.33324026788221,66.06395482179893,-0.2779817060082874,-30.81132379352097,0.0007582560065202415,0.0002685049985302612
19,22910890927,Ridge,5164,212,90.29354870725872,102.1927875752856,-1.4992605701852546,82.91840323157618,0.003014526009792462,0.0008659629966132343
19,22910890927,RandomForest,5164,212,86.96785814137101,99.86489748095562,-1.386694140597839,80.25550582846378,0.3863980429887306,0.042025885995826684
19,22910890927,GradientBoosting,5164,212,59.12786611727564,72.11762081220293,-0.2446688691388632,40.873992677091884,0.7125796839973191,0.0015816840023035184
19,22910890927,HistGradientBoosting,5164,212,75.95586109840544,86.24221819991374,-0.7799626218541673,66.5270214236433,0.874753354000859,0.005310804001055658
19,22910890927,SVR_RBF,5164,212,45.51644014228956,65.69950148725395,-0.032987804826535516,12.353452506400043,0.5070790080062579,0.01739999400160741
19,22910890927,RedeNeuronal_MLP,5164,212,229.67859411827226,258.9151139735125,-15.043009898838218,228.96472007355038,11.987736178009072,0.0016670309996698052
19,22910890927,Dummy,5164,212,56.091330270610335,72.7988648095539,-0.2682949413973845,33.48271908432763,0.000989032007055357,0.0002780700015136972
20,22943992812,Ridge,5270,106,98.82824655976698,111.81284507447938,0.3104743264616058,18.34146982656385,0.002364355997997336,0.0007303619931917638
20,22943992812,RandomForest,5270,106,74.03651916006847,96.22265963614952,0.48935185529278447,-25.552596952163668,0.376578878989676,0.03968234400963411
20,22943992812,GradientBoosting,5270,106,78.24046659510803,105.13135060998925,0.39041884526491044,-35.16284714819496,1.0920230939955218,0.0026566739979898557
20,22943992812,HistGradientBoosting,5270,106,77.13349384869728,106.1717700575596,0.3782938544793908,-40.80698052070019,0.9679250289918855,0.0040075660072034225
20,22943992812,SVR_RBF,5270,106,111.12692228608559,125.49457171358398,0.1314057976611378,12.623831982465218,0.5087919460056582,0.008807051999610849
20,22943992812,RedeNeuronal_MLP,5270,106,75.98164945936162,104.95086269024767,0.39251008811127097,-41.294537922114145,4.986222854000516,0.0017822149966377765
20,22943992812,Dummy,5270,106,126.30783857946219,142.69283867566517,-0.12297839301956426,47.220532962777405,0.000718533992767334,0.00023517900262959301
21,22980101796,Ridge,5026,350,30.032799542963044,35.14579694241177,-0.29371956042507574,24.40313160964347,0.0025610559969209135,0.0008303100039483979
21,22980101796,RandomForest,5026,350,50.16463638045698,67.41706752370963,-3.7602862528628815,35.214605023983175,0.38863757900253404,0.05068248299357947
21,22980101796,GradientBoosting,5026,350,44.59743389422722,51.36625411193631,-1.7634343095902305,34.59117622139055,0.7909133439970901,0.0021021970023866743
21,22980101796,HistGradientBoosting,5026,350,49.958073070894535,58.6180170865982,-2.5987824986584855,38.958957143386705,0.8107644139963668,0.010657482998794876
21,22980101796,SVR_RBF,5026,350,23.543712676328127,30.944632763488375,-0.0029147522660519787,-1.796476359541331,0.4796786999941105,0.02766763500403613
21,22980101796,RedeNeuronal_MLP,5026,350,41.3239589495383,52.566369260830626,-1.8940718998388029,24.09900186988318,6.662579051000648,0.0024836800002958626
21,22980101796,Dummy,5026,350,29.296132378245577,35.65937154161271,-0.33180525233389613,17.798973296358742,0.0013186829892219976,0.000425928010372445
22,23059351180,Ridge,5286,90,102.92658426666729,104.58363446416413,-76.67088568057342,102.92658426666729,0.004552451995550655,0.002576667000539601
22,23059351180,RandomForest,5286,90,33.44418527775732,42.28396478851051,-11.696446937247204,30.61599395893751,0.4438067199953366,0.03944838199822698
22,23059351180,GradientBoosting,5286,90,28.439306895579243,32.674869473767664,-6.581559011948104,27.777533227454878,0.7777056079939939,0.0019157860078848898
22,23059351180,HistGradientBoosting,5286,90,27.90472241655966,30.688235136791793,-5.687666739736696,27.768337370442428,0.9486264760053018,0.004126419997191988
22,23059351180,SVR_RBF,5286,90,111.76300034617127,112.33365169856579,-88.60877718607314,111.76300034617127,0.5234268240019446,0.007998335000593215
22,23059351180,RedeNeuronal_MLP,5286,90,30.505643569306642,42.01771959439023,-11.537061430966899,27.787159726952865,12.85991036600899,0.0012540649913717061
22,23059351180,Dummy,5286,90,162.49438333663278,162.9271192675229,-187.5026910258444,162.49438333663278,0.0006927159993210807,0.00021474099776241928
23,23064485029,Ridge,5113,263,48.83659672596592,63.405941504251665,-0.19644122175754108,0.7193816716840791,0.0035369690012885258,0.0011908470041817054
23,23064485029,RandomForest,5113,263,55.368860056283125,69.41990696229631,-0.4341662919894904,21.340578493962244,0.3655609440029366,0.04016209198744036
23,23064485029,GradientBoosting,5113,263,38.155352381766605,52.0334893587637,0.19425548563494055,10.2863487983319,0.7305342189938528,0.0016834989946801215
23,23064485029,HistGradientBoosting,5113,263,38.36313281389097,53.74916844467636,0.14024451426075846,9.654543549119289,0.7700317690032534,0.004182618009508587
23,23064485029,SVR_RBF,5113,263,61.000338047709974,80.25679839803738,-0.9168808468357452,-52.93324531722988,0.49219391800579615,0.020583435994922183
23,23064485029,RedeNeuronal_MLP,5113,263,56.57505079137335,68.50684534048098,-0.39668797715367465,25.319311916537853,7.324890350995702,0.0016919109912123531
23,23064485029,Dummy,5113,263,54.98021158834527,73.19826164930191,-0.5945310878396537,-44.69629823801608,0.0007082219963194802,0.00022687000455334783
24,23095730671,Ridge,5253,123,105.13866943941838,112.76046500520447,-7.054941289661748,105.13866943941838,0.0024131299869623035,0.0007471570133930072
24,23095730671,RandomForest,5253,123,73.93294822122512,85.14193146379833,-3.5923571819134867,73.7362474564338,0.36667906600632705,0.0414500990009401
24,23095730671,GradientBoosting,5253,123,85.32361421510006,94.3505358813779,-4.639458502917316,85.32361421510006,0.8612395630043466,0.0016099840140668675
24,23095730671,HistGradientBoosting,5253,123,75.51258613163974,87.99450336049844,-3.9052342495559067,75.40025260695694,0.9447177900001407,0.004095912998309359
24,23095730671,SVR_RBF,5253,123,91.12379523685658,99.97431884131115,-5.331776411955647,91.12379523685658,0.5889374249964021,0.01552323299983982
24,23095730671,RedeNeuronal_MLP,5253,123,70.55121598682516,82.60574386045684,-3.3228399430430615,70.39721454552297,9.856798504988546,0.0014222300087567419
24,23095730671,Dummy,5253,123,122.20430605853946,128.50064963277865,-9.460665368909732,122.20430605853946,0.0006423159939004108,0.00021832200582139194
25,23119535339,Ridge,5206,170,43.88633290964726,51.64655928045666,0.07445276233440135,26.97652244696525,0.0023237839923240244,0.0008556219981983304
25,23119535339,RandomForest,5206,170,30.35390162506588,38.59867859690581,0.48303555437893875,4.70506459784159,0.3771416469971882,0.043105484000989236
25,23119535339,GradientBoosting,5206,170,33.395368199330875,42.997375039577186,0.358495529551219,11.643126308461442,1.0582616470055655,0.0023962569975992665
25,23119535339,HistGradientBoosting,5206,170,32.14345953517945,41.989533072257785,0.3882163141031879,10.38103671718567,0.943865105000441,0.003989424993051216
25,23119535339,SVR_RBF,5206,170,44.69078052638158,56.87722108830937,-0.12251600011876129,-19.872522009198477,0.5604961709905183,0.018532451998908073
25,23119535339,RedeNeuronal_MLP,5206,170,31.102730975152593,42.11351775649556,0.38459808892404834,14.1954477676764,9.710348186999909,0.002374788004090078
25,23119535339,Dummy,5206,170,45.963705868684414,57.45750085479494,-0.14553738092218538,-20.479972869446712,0.0009927870123647153,0.0003675799962366
26,23161986328,Ridge,5034,342,195.43915874587623,230.85814429644878,-0.0739384803862253,83.61403521552467,0.004543634000583552,0.0012290710001252592
26,23161986328,RandomForest,5034,342,110.38541187191902,128.4302463949381,0.6676286089607562,56.76402702468568,0.4101566239987733,0.04006970098998863
26,23161986328,GradientBoosting,5034,342,113.96248386141717,143.61840235656794,0.5843678003335837,-1.2283163346774801,0.8865087479935028,0.0017431479936931282
26,23161986328,HistGradientBoosting,5034,342,132.08918868614384,178.396833640045,0.3586969773915074,-26.16882258780117,0.9552676059975056,0.005520662991330028
26,23161986328,SVR_RBF,5034,342,164.30904232723432,237.3140264760379,-0.13484309419817686,-83.37863340008732,0.4702030280022882,0.027857178007252514
26,23161986328,RedeNeuronal_MLP,5034,342,202.4745957917713,223.21904102730875,-0.004041073212523116,196.35008567531222,6.708138101006625,0.0019238990062149242
26,23161986328,Dummy,5034,342,165.8567733826382,231.20872302934146,-0.07720270021487075,-61.89730546457784,0.0014036890061106533,0.0004984580009477213
27,23192176528,Ridge,5278,98,25.46639938202514,31.79408927402675,-0.042479009327526684,-10.690448972511511,0.004649372000130825,0.0024828530004015192
27,23192176528,RandomForest,5278,98,49.884678189827326,61.38396229371894,-2.885835192639443,-38.78021892706025,0.3977252359909471,0.04401206600596197
27,23192176528,GradientBoosting,5278,98,59.448085574937764,66.76862669072212,-3.597475544144964,-57.83667744494078,1.2178244440001436,0.003302133991383016
27,23192176528,HistGradientBoosting,5278,98,54.82894317194256,62.66301300695313,-3.04945974962415,-49.67064730458602,0.8959178569930373,0.004163355988566764
27,23192176528,SVR_RBF,5278,98,59.88281234567428,66.96043371519063,-3.6239279295533935,-59.75722104214387,0.5442283199954545,0.008756555995205417
27,23192176528,RedeNeuronal_MLP,5278,98,55.7827431952645,66.70185022091914,-3.5882841115087913,-45.161137240521995,13.31042974400043,0.0026738810120150447
27,23192176528,Dummy,5278,98,55.41343284251001,63.25217718066451,-3.12596460460687,-55.056013010276466,0.001517195996711962,0.0006251719896681607
28,23219229363,Ridge,5275,101,46.59709207947513,65.01132943424297,-0.6715121389972858,36.72286737368282,0.0050465079984860495,0.001475201002904214
28,23219229363,RandomForest,5275,101,43.344749012726766,56.04009677817316,-0.2420217291259692,-10.256022401698015,0.44890418100112583,0.03915682800288778
28,23219229363,GradientBoosting,5275,101,59.35476752477864,70.67276955556729,-0.9753118203623623,-29.09847491226703,0.9752319580002222,0.002047422996838577
28,23219229363,HistGradientBoosting,5275,101,54.907124188815125,65.44772386684014,-0.6940278084698932,-24.023957382789465,0.9243987589870812,0.011133944004541263
28,23219229363,SVR_RBF,5275,101,40.68629160083903,56.69750572641089,-0.2713330808315635,26.950793023276695,0.5191486019903095,0.009327378997113556
28,23219229363,RedeNeuronal_MLP,5275,101,60.6506826170951,67.46711097477991,-0.8001789028474597,-31.165006794450278,10.049580938997678,0.00170150600024499
28,23219229363,Dummy,5275,101,57.60794865360521,74.21614644875707,-1.178352918038006,54.58483105867291,0.0008850150043144822,0.0002614940021885559
29,23299035298,Ridge,5201,175,72.73936656209165,80.06537834589896,-4.376994365481838,72.26464619717358,0.003047297999728471,0.000901515013538301
29,23299035298,RandomForest,5201,175,65.83356079996395,79.25826497135394,-4.2691332682370335,55.15129716625643,0.37063894599850755,0.04541318299015984
29,23299035298,GradientBoosting,5201,175,64.79970702020067,74.77793938600087,-3.6902613995244327,63.861242109360155,0.7111746220034547,0.0016070650017354637
29,23299035298,HistGradientBoosting,5201,175,64.30218881806397,76.80771948641272,-3.948343073585673,59.140580797237,0.8693249869975261,0.00433463099761866
29,23299035298,SVR_RBF,5201,175,58.954043104810815,64.75376113864375,-2.5170622792336665,54.36473224894698,0.5034244379930897,0.014234718008083291
29,23299035298,RedeNeuronal_MLP,5201,175,59.132628404999224,70.40855592675878,-3.1581574983077854,52.01766545508303,13.141772980990936,0.0019063689978793263
29,23299035298,Dummy,5201,175,81.71756516496146,86.66784086084093,-5.3003694260841465,79.49284486105626,0.0007934250024845824,0.00026734601124189794
30,23356119297,Ridge,5280,96,108.35668011181879,125.78387370597267,0.058975548637144826,64.85119358815588,0.003824724000878632,0.0012651779979933053
30,23356119297,RandomForest,5280,96,75.83828568335694,101.74872678290775,0.3842435859602126,23.926481314803727,0.4052488319866825,0.03850008199515287
30,23356119297,GradientBoosting,5280,96,68.95182826259533,95.00489527118975,0.4631623772163709,10.275129586968406,0.9945146959944395,0.0034375410032225773
30,23356119297,HistGradientBoosting,5280,96,71.30677932308363,96.41537650032525,0.4471038313369333,11.834628276409914,1.0173643000016455,0.006351164003717713
30,23356119297,SVR_RBF,5280,96,113.51482283547598,136.30393709518341,-0.10501399503385267,63.28486237516489,0.5194055780011695,0.00914116700005252
30,23356119297,RedeNeuronal_MLP,5280,96,68.52448221318195,96.69022595186071,0.4439470774346229,7.008150811124693,8.313994624011684,0.003771899006096646
30,23356119297,Dummy,5280,96,141.21771339954412,163.4973076851991,-0.5899087098171392,99.59027130592989,0.0013763250026386231,0.0004318409919505939
31,23379302381,Ridge,5288,88,110.7923132434854,112.31304471727,-92.76100850072976,110.7923132434854,0.0048376960039604455,0.001599081006133929
31,23379302381,RandomForest,5288,88,23.447054622834084,25.59086327859691,-3.8677889619138632,23.447054622834084,0.4407046210108092,0.04320234799524769
31,23379302381,GradientBoosting,5288,88,41.502805798432355,43.180416736542085,-12.85911591937142,41.502805798432355,0.8273178469971754,0.0022879329917486757
31,23379302381,HistGradientBoosting,5288,88,45.988084126284804,47.031175671268514,-15.441201005334378,45.988084126284804,0.8443513400125084,0.006585638999240473
31,23379302381,SVR_RBF,5288,88,129.5412008445236,129.9845703535423,-124.5872279437914,129.5412008445236,0.5655535700061591,0.008385473003727384
31,23379302381,RedeNeuronal_MLP,5288,88,48.24039017300711,50.23768523603117,-17.759493547676307,48.24039017300711,9.654803091994836,0.00243958699866198
31,23379302381,Dummy,5288,88,181.9583346763968,182.32764859069198,-246.09669157980665,181.9583346763968,0.0008103970030788332,0.00021986200590617955
32,23996168837,Ridge,5261,115,109.11283173570956,152.30734643816245,0.0594411835021853,-57.378121357789574,0.0033543899917276576,0.0007779070001561195
32,23996168837,RandomForest,5261,115,84.60640998653953,120.66334942213138,0.4096697906865714,-54.49211427615964,0.3888250199961476,0.04381902399472892
32,23996168837,GradientBoosting,5261,115,83.17009144508181,120.26031509843253,0.41360679371793996,-58.10942556764817,0.7436826219927752,0.0031800720025785267
32,23996168837,HistGradientBoosting,5261,115,74.77010830170929,107.15841964132008,0.5344172776557736,-49.80998382031092,0.8400186819926603,0.005591372988419607
32,23996168837,SVR_RBF,5261,115,113.9004652091926,155.91901431374802,0.014305311197723714,-56.512355437985654,0.5911987659928855,0.01842724598827772
32,23996168837,RedeNeuronal_MLP,5261,115,68.28931797129428,94.81437460417538,0.6355041190779683,-34.141987226614226,13.86053374799667,0.001662828988628462
32,23996168837,Dummy,5261,115,136.1533503114394,158.2059821362879,-0.014822429926642844,-19.1199862365388,0.0009458779968554154,0.00024193299759645015
33,24069625931,Ridge,5175,201,63.54849497773985,80.14832965869209,-0.43571936264570965,45.46919830939838,0.0033608029916649684,0.0009357450035167858
33,24069625931,RandomForest,5175,201,66.45272365754705,87.50560052309619,-0.7114030632462465,52.804171257855074,0.3682830100005958,0.04961367300711572
33,24069625931,GradientBoosting,5175,201,67.09267818770805,84.99734467223091,-0.6146980577086976,49.96065497636542,0.7199137450079434,0.0016693119978299364
33,24069625931,HistGradientBoosting,5175,201,74.60252861202697,96.70974129985528,-1.0903598198203754,56.52117777939504,0.8450794450036483,0.01592617300048005
33,24069625931,SVR_RBF,5175,201,54.414533414506586,73.09059135044099,-0.19399788387663341,30.76329593059669,0.520290964996093,0.017911988994455896
33,24069625931,RedeNeuronal_MLP,5175,201,61.95994700631953,89.01324939119915,-0.7708831921484354,48.03818963720976,9.097942566004349,0.002351051996811293
33,24069625931,Dummy,5175,201,85.24668747742939,97.12166881617637,-1.1082051901296688,70.41574637505217,0.0013939689961262047,0.00048067900934256613
34,24225591249,Ridge,5283,93,52.90004203483518,62.11467667612047,-10.086877548730815,51.064611903110126,0.004793348998646252,0.0014612879895139486
34,24225591249,RandomForest,5283,93,34.0610299219193,40.954688482280126,-3.8197892282663535,-26.475411911476513,0.41756740800337866,0.04432534798979759
34,24225591249,GradientBoosting,5283,93,27.80955012289862,35.657760612060585,-2.6536666669081055,15.020251671283418,0.7904205270024249,0.0016286099998978898
34,24225591249,HistGradientBoosting,5283,93,27.65607305748636,35.51173203263547,-2.623802354282088,-4.837455053416846,0.8118677849997766,0.004066241002874449
34,24225591249,SVR_RBF,5283,93,52.55529790724619,59.110615639982875,-9.040417180236467,52.28666060966726,0.5400983860017732,0.013085735001368448
34,24225591249,RedeNeuronal_MLP,5283,93,31.235278429814255,44.638889337164144,-4.725950031181062,-7.116073424177737,12.228175675001694,0.002015293008298613
34,24225591249,Dummy,5283,93,87.49234397506848,89.4589862709888,-21.996870418882988,87.49234397506848,0.0007847059896448627,0.00026564099243842065
