repeticao,n_atividades_treino,n_atividades_validacao,mae_treino_s_km,mae_validacao_s_km
0,2,32,19.350882589144653,95.68842655921054
0,3,31,21.8468282805285,86.31716480751088
0,4,30,27.867640873798322,169.1198738805225
0,5,29,30.792157308670554,166.05978714964334
0,6,28,33.84945227849094,161.86288685065608
0,7,27,40.059262405486834,153.18954481520615
0,8,26,37.4251308877457,116.11158789937157
0,9,25,36.3427682585746,109.03784352980114
0,10,24,36.45654404711998,107.46959546079425
0,11,23,37.398874508651815,109.10473124593499
0,12,22,36.32244702865254,94.87108390378809
0,13,21,36.35109894061786,81.58857169844485
0,14,20,40.83254764889847,80.05682823958982
0,15,19,47.770565451971876,74.39272861200602
0,16,18,53.46192718649358,69.65826127275402
0,17,17,51.35090788893067,65.66950055032427
0,18,16,51.54400438199062,64.8502981268477
0,19,15,51.39748019638467,66.32815137384854
0,20,14,51.60897763897791,66.42304083092827
0,21,13,51.21167302429876,66.98062054421936
0,22,12,50.391550010511644,69.20084100002876
0,23,11,51.126496679958606,69.07172005357897
0,24,10,51.4925544892068,70.56702124304391
0,25,9,50.13087280326257,74.98757640758204
0,26,8,51.69425240255933,74.33886919299889
0,27,7,51.82448475667277,78.51179366323615
0,28,6,52.24613662242481,80.70878169620968
0,29,5,52.621756983312444,76.6579996748194
0,30,4,52.92230365790991,80.37818412510879
0,31,3,53.097242756298726,79.52869204117717
0,32,2,52.831316100759366,89.95496720807292
0,33,1,54.53919300816599,89.75526823078263
1,2,32,19.350882589144653,95.68842655921054
1,3,31,24.593991728896338,92.29095446756237
1,4,30,26.67988693028396,83.66702539897736
1,5,29,33.856200701288,125.18577071890145
1,6,28,33.013238120996164,120.8678048061212
1,7,27,44.95505352594458,138.3516661117607
1,8,26,45.70509755582805,106.57506308767539
1,9,25,49.94727469804033,78.91732485667097
1,10,24,53.22597683123579,71.70667950371559
1,11,23,51.03035604075842,70.36998206887813
1,12,22,54.52456597675802,90.3470527612902
1,13,21,54.272485309676505,80.5441314289836
1,14,20,53.696320241244656,77.32195065912425
1,15,19,52.857187269396,72.72743557860966
1,16,18,52.48776202391869,72.22637644459255
1,17,17,51.5758272341391,74.27266536540729
1,18,16,49.29617260685082,77.41819814057922
1,19,15,50.06289469782322,78.1731934034978
1,20,14,51.107246525108636,77.55467687881952
1,21,13,51.77698815336035,80.0644600096704
1,22,12,52.593044402286544,76.74862048983604
1,23,11,52.64474983766691,78.35966767698152
1,24,10,51.90531839264348,83.098378828904
1,25,9,52.33734256982943,84.33273886203027
1,26,8,52.17349020084096,86.5456676603462
1,27,7,51.24755155766704,89.77413110571484
1,28,6,51.387621577268185,92.96802842185902
1,29,5,54.83436002111741,84.33717760126923
1,30,4,55.31652479112825,74.38837229257051
1,31,3,54.790947331017655,74.31172589436316
1,32,2,55.82916806762399,67.94254239126835
1,33,1,54.967561650442086,83.17009144508181
2,2,32,59.38794897887574,104.80393771046096
2,3,31,64.85500445865847,98.9733504633045
2,4,30,67.98899997179095,101.6745195773656
2,5,29,72.7314084144908,91.39411029516776
2,6,28,69.15571472625112,66.48514863226002
2,7,27,69.12217774306242,66.0140856746743
2,8,26,68.48218272949994,62.33953590245327
2,9,25,68.45051562275768,62.630410280532416
2,10,24,61.46442807129765,60.766109837488806
2,11,23,60.84376292752759,58.86274797169698
2,12,22,61.77061003819141,58.78411720179788
2,13,21,61.050650314805,59.52754214095894
2,14,20,59.59822627491925,59.7870137762743
2,15,19,60.50734742466549,56.386936058033896
2,16,18,60.84094237248557,57.12663646692578
2,17,17,59.84538451247556,57.19587252438554
2,18,16,58.60410948367344,58.590321587318506
2,19,15,59.42416156978765,59.607777649786286
2,20,14,61.878369267039034,61.34897004142232
2,21,13,61.184817265864964,61.42613718012476
2,22,12,60.24636554738084,63.117788496929485
2,23,11,59.565376691548295,61.82535149848613
2,24,10,58.152320831538646,63.18605759074762
2,25,9,56.99206909388146,61.93226794088086
2,26,8,57.34996969901938,62.75947984264855
2,27,7,57.14563713479219,57.76467214339922
2,28,6,57.8594728644688,55.652121062469334
2,29,5,55.605923644133114,62.730158019032345
2,30,4,55.097226155944185,67.97755510900264
2,31,3,55.17553803026857,68.52465645946762
2,32,2,55.07210966303414,67.5785543760943
2,33,1,55.47960477036986,53.53691690896693
3,2,32,19.573473802964912,144.05347631102327
3,3,31,33.58124247707618,96.29587325665644
3,4,30,41.30865677792449,91.09641016926743
3,5,29,43.94970091092614,87.5287867620792
3,6,28,37.63757814360853,87.53187118995457
3,7,27,42.45036492723408,91.52268037138565
3,8,26,45.427927192618384,84.94330717441046
3,9,25,45.41134482276961,82.90720065469321
3,10,24,53.24764178179973,71.00655706147532
3,11,23,56.028197188219615,68.46177073941601
3,12,22,55.93922809633849,68.75256004929179
3,13,21,54.23111682200916,69.52567680691604
3,14,20,55.83129022712622,70.1700945993365
3,15,19,54.193211373479414,68.01330728118216
3,16,18,51.901797117862436,66.9317191411914
3,17,17,50.42635046201287,69.44558703261238
3,18,16,53.26924239529807,70.88319341017319
3,19,15,58.02109228427657,66.1490000448183
3,20,14,55.82228437971574,62.05762383890361
3,21,13,55.01792919655799,60.8215343671912
3,22,12,55.04044496201698,62.79234180966552
3,23,11,55.237282665378245,62.5976345127111
3,24,10,54.31742070789411,63.70831758893898
3,25,9,55.706264666298765,62.02704475726613
3,26,8,56.07029655934774,60.707086755843164
3,27,7,55.078336406936835,64.42923175515392
3,28,6,54.90912767382204,63.148468680717436
3,29,5,54.43867236043261,63.189097261114966
3,30,4,54.84970990821036,63.408864558721376
3,31,3,54.23847094605883,73.81015218905709
3,32,2,54.52835834530873,68.78581254852052
3,33,1,55.2850393118732,59.448085574937764
4,2,32,40.677462406572864,113.51065684127201
4,3,31,49.16796249484431,95.04321640360718
4,4,30,52.35480108868709,90.46260807505949
4,5,29,49.791853455609115,67.96631302979041
4,6,28,56.59927036199643,64.97926508614468
4,7,27,62.18209626417909,78.59195603869203
4,8,26,59.500733089694094,77.2298358598473
4,9,25,62.68459103904494,72.37934429292943
4,10,24,61.97213222991793,71.20887890595847
4,11,23,62.446248737492446,71.39103899591909
4,12,22,60.60149021576937,72.01977497676464
4,13,21,59.98660948398678,71.23203508127159
4,14,20,60.20551767735067,69.21260744655696
4,15,19,58.61708828436875,69.860334348572
4,16,18,57.88078335043591,70.38046573130931
4,17,17,58.29514077792455,70.43858273056155
4,18,16,59.555368545451806,71.73628182609903
4,19,15,62.59467789674163,65.55880201795803
4,20,14,61.526630549813326,63.53202566506902
4,21,13,59.46961009810547,57.30650659959383
4,22,12,60.229711325632046,59.493508171562944
4,23,11,57.354471062331605,58.17305435426798
4,24,10,57.29032425892162,58.453208026802606
4,25,9,56.19041748961385,58.010674198074774
4,26,8,56.99751252409029,53.448094198508954
4,27,7,56.93898283085725,51.26134832903575
4,28,6,57.47161500952254,45.0782061702449
4,29,5,56.67898657123048,48.73380674001311
4,30,4,55.82411470761888,52.914334027790666
4,31,3,55.562537863183536,51.894175597144326
4,32,2,55.76670237719296,44.28960826457397
4,33,1,55.2850393118732,59.448085574937764
5,2,32,35.51184185554098,95.25165635655179
5,3,31,46.39588760951929,79.60579248270871
5,4,30,41.28296233609982,82.5533366060975
5,5,29,40.56466759305914,80.07336365729624
5,6,28,39.52731580532953,78.14053374325601
5,7,27,39.396647503379064,75.13925994504517
5,8,26,38.51099943721879,77.86025039107707
5,9,25,37.93858497296991,79.43162438313905
5,10,24,39.961989065880694,76.76227828993
5,11,23,41.29018728759671,74.29077614834033
5,12,22,37.945240922649,78.42293708879453
5,13,21,39.6447337330658,81.79793503973316
5,14,20,39.90827246537725,77.18750466627125
5,15,19,41.63431451627177,79.59257538748942
5,16,18,42.01865660203737,80.54249388453519
5,17,17,44.09541081567521,80.33993744629869
5,18,16,48.285968595433474,69.82669493697814
5,19,15,48.937302649306865,70.3070940443201
5,20,14,47.953921858466444,74.0339223900323
5,21,13,47.18117103448339,76.96430650977383
5,22,12,46.58940994948384,80.25171727480462
5,23,11,47.1414444905677,80.65464052597865
5,24,10,51.52767175825673,73.98651229560616
5,25,9,51.48619830939024,75.29892677621093
5,26,8,51.346124387187494,73.11011327937511
5,27,7,51.425687524591204,81.24986530978921
5,28,6,51.276541072951694,85.4293236582745
5,29,5,51.63372006801216,84.97245524388141
5,30,4,51.282706051073596,93.89767068583654
5,31,3,52.12115997874168,93.1341995589527
5,32,2,52.58139740624279,101.65169921947012
5,33,1,53.773460429568054,88.54178129726844
6,2,32,7.190518917803486,119.34358064015322
6,3,31,32.53780804071784,92.76317270117049
6,4,30,32.858373946504095,91.71926934827577
6,5,29,42.87805665080498,78.59154185896776
6,6,28,47.69662840774437,68.69540095317308
6,7,27,48.948068883665556,69.50350587205529
6,8,26,48.30180748824193,74.40970673182484
6,9,25,45.43401191241237,72.96636410600557
6,10,24,47.151573253149266,71.23434377196898
6,11,23,49.415724052701215,68.95562300432908
6,12,22,49.28106979501647,70.37315842045282
6,13,21,48.163805840558,73.16285636096451
6,14,20,49.67074109858887,71.66075061707485
6,15,19,51.27239969939429,66.99355242954778
6,16,18,50.24969011819336,66.77876526735062
6,17,17,52.6209247500438,64.56445750834772
6,18,16,52.12947561809108,65.98224389581486
6,19,15,51.75865121658893,66.95885219473811
6,20,14,52.082718414683704,68.6178869591589
6,21,13,49.43917291526346,72.34889639084669
6,22,12,49.394758182271666,75.75219846223744
6,23,11,53.099747106342164,65.44358878492693
6,24,10,53.41555560252989,66.0507774757662
6,25,9,53.6484348982926,65.23763017844406
6,26,8,52.58359342686113,68.06904364907169
6,27,7,52.16169119678597,71.42846256979793
6,28,6,51.23865974153838,82.55136434469551
6,29,5,53.644874400639736,72.95510449775453
6,30,4,52.720123966374636,79.79835655387183
6,31,3,53.273741916045026,77.91493560649806
6,32,2,53.62385849005763,75.54403878225942
6,33,1,53.773460429568054,88.54178129726844
7,2,32,36.071168860885145,94.55617361184751
7,3,31,43.54521400063977,88.24191734715261
7,4,30,46.640363567816976,91.34503878336778
7,5,29,48.877671390592184,78.92191004196594
7,6,28,49.99404420627677,82.06093220172598
7,7,27,46.79070453561611,85.96280397330695
7,8,26,47.042166807827584,87.00411336565848
7,9,25,45.88303338574535,81.64601965007837
7,10,24,47.1641042972183,79.31495218463633
7,11,23,48.61307438335263,79.01155391249213
7,12,22,48.0919528668736,80.34190665622008
7,13,21,46.168347319795394,79.366317440189
7,14,20,46.80029589458269,77.27525216687197
7,15,19,46.22629930274923,78.96914092286252
7,16,18,46.68161002620047,69.56183199105203
7,17,17,45.01985264080595,71.23080717595052
7,18,16,45.0788363429466,74.65247193432711
7,19,15,47.4236762834183,72.7719643440024
7,20,14,48.83634186863274,70.82737069985168
7,21,13,50.56273748049887,69.46655779697986
7,22,12,52.38979147349901,73.64868881473305
7,23,11,51.80841599989971,74.88940744703919
7,24,10,51.91776398829543,74.52750188604135
7,25,9,51.92264322559775,77.12347792784435
7,26,8,51.4300413100754,80.17482514070268
7,27,7,49.899698701613055,88.85147578828698
7,28,6,53.49971835427764,70.42643422805534
7,29,5,54.74671794471808,64.47446193818334
7,30,4,54.441417216094,66.6711351972559
7,31,3,53.78996190328394,71.77386610800865
7,32,2,54.1496188942862,67.63464670442045
7,33,1,54.87816176892253,62.19559112587831
