atividade_id,nivel,motivo,n,percentagem
21568213058,intervalo,valido,318,86.88524590163935
21568213058,intervalo,primeiros_120s,21,5.737704918032787
21568213058,intervalo,amplitude_robusta_fc_excessiva,12,3.278688524590164
21568213058,intervalo,cobertura_fc_insuficiente,8,2.185792349726776
21568213058,intervalo,velocidade_inferior_limiar,2,0.546448087431694
21568213058,intervalo,diferenca_media_temporal_excessiva,2,0.546448087431694
21568213058,intervalo,timestamp_invalido,1,0.273224043715847
21568213058,intervalo,pausa,1,0.273224043715847
21568213058,intervalo,salto_temporal,1,0.273224043715847
21574110161,intervalo,valido,521,80.2773497688752
21574110161,intervalo,amplitude_robusta_fc_excessiva,46,7.0878274268104775
21574110161,intervalo,primeiros_120s,34,5.238828967642527
21574110161,intervalo,diferenca_media_temporal_excessiva,19,2.9275808936825887
21574110161,intervalo,cobertura_fc_insuficiente,15,2.3112480739599386
21574110161,intervalo,pausa,7,1.078582434514638
21574110161,intervalo,velocidade_inferior_limiar,4,0.6163328197226502
21574110161,intervalo,salto_temporal,2,0.3081664098613251
21574110161,intervalo,timestamp_invalido,1,0.15408320493066255
21604546980,intervalo,valido,248,85.81314878892734
21604546980,intervalo,primeiros_120s,19,6.57439446366782
21604546980,intervalo,diferenca_media_temporal_excessiva,8,2.7681660899653977
21604546980,intervalo,amplitude_robusta_fc_excessiva,5,1.7301038062283738
21604546980,intervalo,velocidade_inferior_limiar,4,1.3840830449826989
21604546980,intervalo,pausa,3,1.0380622837370241
21604546980,intervalo,timestamp_invalido,1,0.3460207612456747
21604546980,intervalo,salto_temporal,1,0.3460207612456747
21648150892,intervalo,valido,1094,89.89317995069844
21648150892,intervalo,cobertura_fc_insuficiente,43,3.533278553820871
21648150892,intervalo,amplitude_robusta_fc_excessiva,26,2.1364009860312243
21648150892,intervalo,primeiros_120s,25,2.0542317173377156
21648150892,intervalo,velocidade_inferior_limiar,12,0.9860312243221035
21648150892,intervalo,salto_temporal,6,0.4930156121610518
21648150892,intervalo,pausa,5,0.4108463434675431
21648150892,intervalo,diferenca_media_temporal_excessiva,5,0.4108463434675431
21648150892,intervalo,timestamp_invalido,1,0.08216926869350863
21682806144,intervalo,valido,529,92.48251748251748
21682806144,intervalo,primeiros_120s,29,5.06993006993007
21682806144,intervalo,diferenca_media_temporal_excessiva,6,1.048951048951049
21682806144,intervalo,velocidade_inferior_limiar,4,0.6993006993006993
21682806144,intervalo,pausa,3,0.5244755244755245
21682806144,intervalo,timestamp_invalido,1,0.17482517482517482
21703191468,intervalo,valido,412,72.28070175438596
21703191468,intervalo,diferenca_media_temporal_excessiva,43,7.543859649122807
21703191468,intervalo,amplitude_robusta_fc_excessiva,37,6.491228070175438
21703191468,intervalo,cobertura_fc_insuficiente,28,4.912280701754386
21703191468,intervalo,velocidade_inferior_limiar,19,3.3333333333333335
21703191468,intervalo,primeiros_120s,18,3.1578947368421053
21703191468,intervalo,pausa,7,1.2280701754385965
21703191468,intervalo,salto_temporal,5,0.8771929824561403
21703191468,intervalo,timestamp_invalido,1,0.17543859649122806
21729420815,intervalo,valido,1218,88.9700511322133
21729420815,intervalo,velocidade_inferior_limiar,46,3.3601168736303872
21729420815,intervalo,primeiros_120s,28,2.0452885317750185
21729420815,intervalo,amplitude_robusta_fc_excessiva,28,2.0452885317750185
21729420815,intervalo,diferenca_media_temporal_excessiva,26,1.8991964937910883
21729420815,intervalo,cobertura_fc_insuficiente,15,1.095690284879474
21729420815,intervalo,pausa,5,0.36523009495982467
21729420815,intervalo,salto_temporal,2,0.14609203798392986
21729420815,intervalo,timestamp_invalido,1,0.07304601899196493
21827489413,intervalo,valido,743,90.94247246022032
21827489413,intervalo,amplitude_robusta_fc_excessiva,25,3.0599755201958385
21827489413,intervalo,primeiros_120s,22,2.692778457772338
21827489413,intervalo,cobertura_fc_insuficiente,12,1.4687882496940023
21827489413,intervalo,diferenca_media_temporal_excessiva,11,1.346389228886169
21827489413,intervalo,pausa,2,0.24479804161566707
21827489413,intervalo,timestamp_invalido,1,0.12239902080783353
21827489413,intervalo,salto_temporal,1,0.12239902080783353
21848059283,intervalo,valido,594,71.05263157894737
21848059283,intervalo,amplitude_robusta_fc_excessiva,127,15.191387559808613
21848059283,intervalo,diferenca_media_temporal_excessiva,65,7.77511961722488
21848059283,intervalo,primeiros_120s,28,3.349282296650718
21848059283,intervalo,cobertura_fc_insuficiente,19,2.272727272727273
21848059283,intervalo,salto_temporal,2,0.23923444976076555
21848059283,intervalo,timestamp_invalido,1,0.11961722488038277
21862167927,intervalo,valido,1226,93.58778625954199
21862167927,intervalo,primeiros_120s,34,2.595419847328244
21862167927,intervalo,cobertura_fc_insuficiente,27,2.0610687022900764
21862167927,intervalo,amplitude_robusta_fc_excessiva,15,1.1450381679389312
21862167927,intervalo,diferenca_media_temporal_excessiva,4,0.3053435114503817
21862167927,intervalo,salto_temporal,3,0.22900763358778625
21862167927,intervalo,timestamp_invalido,1,0.07633587786259542
21909979898,intervalo,valido,522,82.59493670886076
21909979898,intervalo,diferenca_media_temporal_excessiva,40,6.329113924050633
21909979898,intervalo,amplitude_robusta_fc_excessiva,31,4.905063291139241
21909979898,intervalo,primeiros_120s,22,3.481012658227848
21909979898,intervalo,cobertura_fc_insuficiente,12,1.8987341772151898
21909979898,intervalo,velocidade_inferior_limiar,3,0.47468354430379744
21909979898,intervalo,timestamp_invalido,1,0.15822784810126583
21909979898,intervalo,salto_temporal,1,0.15822784810126583
21946978854,intervalo,valido,1001,87.04347826086956
21946978854,intervalo,diferenca_media_temporal_excessiva,40,3.4782608695652173
21946978854,intervalo,amplitude_robusta_fc_excessiva,40,3.4782608695652173
21946978854,intervalo,primeiros_120s,29,2.5217391304347827
21946978854,intervalo,cobertura_fc_insuficiente,20,1.7391304347826086
21946978854,intervalo,velocidade_inferior_limiar,12,1.0434782608695652
21946978854,intervalo,pausa,4,0.34782608695652173
21946978854,intervalo,salto_temporal,3,0.2608695652173913
21946978854,intervalo,timestamp_invalido,1,0.08695652173913043
22118031985,intervalo,valido,749,93.50811485642946
22118031985,intervalo,primeiros_120s,29,3.620474406991261
22118031985,intervalo,diferenca_media_temporal_excessiva,11,1.373283395755306
22118031985,intervalo,amplitude_robusta_fc_excessiva,11,1.373283395755306
22118031985,intervalo,timestamp_invalido,1,0.12484394506866417
22259327797,intervalo,valido,1088,93.31046312178388
22259327797,intervalo,primeiros_120s,31,2.6586620926243567
22259327797,intervalo,diferenca_media_temporal_excessiva,19,1.6295025728987993
22259327797,intervalo,amplitude_robusta_fc_excessiva,19,1.6295025728987993
22259327797,intervalo,velocidade_inferior_limiar,7,0.6003430531732419
22259327797,intervalo,timestamp_invalido,1,0.08576329331046312
22259327797,intervalo,salto_temporal,1,0.08576329331046312
22582028728,intervalo,valido,783,95.3714981729598
22582028728,intervalo,primeiros_120s,26,3.166869671132765
22582028728,intervalo,diferenca_media_temporal_excessiva,4,0.48721071863581
22582028728,intervalo,pausa,3,0.3654080389768575
22582028728,intervalo,velocidade_inferior_limiar,2,0.243605359317905
22582028728,intervalo,timestamp_invalido,1,0.1218026796589525
22582028728,intervalo,salto_distancia,1,0.1218026796589525
22582028728,intervalo,amplitude_robusta_fc_excessiva,1,0.1218026796589525
22610623020,intervalo,valido,481,93.39805825242719
22610623020,intervalo,primeiros_120s,24,4.660194174757281
22610623020,intervalo,diferenca_media_temporal_excessiva,7,1.3592233009708738
22610623020,intervalo,timestamp_invalido,1,0.1941747572815534
22610623020,intervalo,pausa,1,0.1941747572815534
22610623020,intervalo,cobertura_fc_insuficiente,1,0.1941747572815534
22664327478,intervalo,valido,1663,89.64959568733154
22664327478,intervalo,velocidade_inferior_limiar,53,2.857142857142857
22664327478,intervalo,diferenca_media_temporal_excessiva,38,2.0485175202156336
22664327478,intervalo,amplitude_robusta_fc_excessiva,38,2.0485175202156336
22664327478,intervalo,primeiros_120s,31,1.6711590296495957
22664327478,intervalo,cobertura_fc_insuficiente,21,1.1320754716981132
22664327478,intervalo,pausa,7,0.37735849056603776
22664327478,intervalo,salto_temporal,3,0.16172506738544473
22664327478,intervalo,timestamp_invalido,1,0.05390835579514825
22882313372,intervalo,valido,2718,95.77167019027485
22882313372,intervalo,primeiros_120s,117,4.12262156448203
22882313372,intervalo,pausa,2,0.07047216349541931
22882313372,intervalo,timestamp_invalido,1,0.035236081747709654
22910890927,intervalo,valido,5030,81.4574898785425
22910890927,intervalo,amplitude_robusta_fc_excessiva,355,5.748987854251012
22910890927,intervalo,cobertura_fc_insuficiente,224,3.6275303643724697
22910890927,intervalo,diferenca_media_temporal_excessiva,187,3.02834008097166
22910890927,intervalo,pausa,156,2.526315789473684
22910890927,intervalo,primeiros_120s,119,1.9271255060728745
22910890927,intervalo,velocidade_inferior_limiar,95,1.5384615384615385
22910890927,intervalo,salto_temporal,8,0.12955465587044535
22910890927,intervalo,timestamp_invalido,1,0.016194331983805668
22943992812,intervalo,valido,2374,87.7309682187731
22943992812,intervalo,amplitude_robusta_fc_excessiva,154,5.691056910569106
22943992812,intervalo,primeiros_120s,119,4.397634885439763
22943992812,intervalo,diferenca_media_temporal_excessiva,54,1.9955654101995566
22943992812,intervalo,pausa,2,0.07390983000739099
22943992812,intervalo,velocidade_inferior_limiar,2,0.07390983000739099
22943992812,intervalo,timestamp_invalido,1,0.03695491500369549
22980101796,intervalo,valido,7929,97.63575914296268
22980101796,intervalo,primeiros_120s,116,1.4283955177933751
22980101796,intervalo,cobertura_fc_insuficiente,58,0.7141977588966876
22980101796,intervalo,diferenca_media_temporal_excessiva,8,0.09851003570988795
22980101796,intervalo,pausa,5,0.061568772318679965
22980101796,intervalo,salto_temporal,2,0.024627508927471987
22980101796,intervalo,timestamp_invalido,1,0.012313754463735994
22980101796,intervalo,velocidade_inferior_limiar,1,0.012313754463735994
22980101796,intervalo,salto_distancia,1,0.012313754463735994
23059351180,intervalo,valido,1451,92.36155315085932
23059351180,intervalo,primeiros_120s,119,7.574793125397836
23059351180,intervalo,timestamp_invalido,1,0.06365372374283895
23064485029,intervalo,valido,7025,96.70980176211454
23064485029,intervalo,primeiros_120s,110,1.5143171806167401
23064485029,intervalo,pausa,63,0.8672907488986784
23064485029,intervalo,diferenca_media_temporal_excessiva,32,0.44052863436123346
23064485029,intervalo,velocidade_inferior_limiar,27,0.3716960352422907
23064485029,intervalo,amplitude_robusta_fc_excessiva,6,0.08259911894273128
23064485029,intervalo,timestamp_invalido,1,0.013766519823788546
23095730671,intervalo,valido,2186,90.96962130669996
23095730671,intervalo,primeiros_120s,110,4.577611319184353
23095730671,intervalo,pausa,98,4.078235538909696
23095730671,intervalo,diferenca_media_temporal_excessiva,8,0.3329171868497711
23095730671,intervalo,timestamp_invalido,1,0.04161464835622139
23119535339,intervalo,valido,4253,96.1999547613662
23119535339,intervalo,primeiros_120s,117,2.6464600769056776
23119535339,intervalo,diferenca_media_temporal_excessiva,37,0.8369147251752997
23119535339,intervalo,amplitude_robusta_fc_excessiva,7,0.15833521827640806
23119535339,intervalo,pausa,6,0.13571590137977832
23119535339,intervalo,timestamp_invalido,1,0.022619316896629722
23161986328,intervalo,valido,9516,84.47403462050599
23161986328,intervalo,pausa,656,5.823346648912561
23161986328,intervalo,velocidade_inferior_limiar,654,5.805592543275632
23161986328,intervalo,amplitude_robusta_fc_excessiva,187,1.6600088770528185
23161986328,intervalo,diferenca_media_temporal_excessiva,133,1.1806480248557478
23161986328,intervalo,primeiros_120s,118,1.0474922325787839
23161986328,intervalo,timestamp_invalido,1,0.00887705281846427
23192176528,intervalo,valido,2764,95.67324333679474
23192176528,intervalo,primeiros_120s,119,4.119072343371409
23192176528,intervalo,velocidade_inferior_limiar,5,0.17307026652821045
23192176528,intervalo,timestamp_invalido,1,0.034614053305642094
23219229363,intervalo,valido,2304,79.75077881619937
23219229363,intervalo,amplitude_robusta_fc_excessiva,314,10.868812737971616
23219229363,intervalo,diferenca_media_temporal_excessiva,118,4.084458290065767
23219229363,intervalo,primeiros_120s,111,3.842159916926272
23219229363,intervalo,cobertura_fc_insuficiente,25,0.8653513326410522
23219229363,intervalo,pausa,11,0.380754586362063
23219229363,intervalo,velocidade_inferior_limiar,3,0.10384215991692627
23219229363,intervalo,timestamp_invalido,1,0.034614053305642094
23219229363,intervalo,salto_distancia,1,0.034614053305642094
23219229363,intervalo,salto_temporal,1,0.034614053305642094
23299035298,intervalo,valido,3562,96.088481251686
23299035298,intervalo,primeiros_120s,119,3.2101429727542485
23299035298,intervalo,amplitude_robusta_fc_excessiva,13,0.3506878877798759
23299035298,intervalo,diferenca_media_temporal_excessiva,12,0.32371189641219317
23299035298,intervalo,timestamp_invalido,1,0.026975991367682764
23356119297,intervalo,valido,1932,80.19925280199253
23356119297,intervalo,amplitude_robusta_fc_excessiva,204,8.468244084682441
23356119297,intervalo,diferenca_media_temporal_excessiva,153,6.35118306351183
23356119297,intervalo,primeiros_120s,119,4.93980904939809
23356119297,intervalo,timestamp_invalido,1,0.04151100041511
23379302381,intervalo,valido,1315,88.97158322056833
23379302381,intervalo,primeiros_120s,118,7.983761840324763
23379302381,intervalo,amplitude_robusta_fc_excessiva,32,2.165087956698241
23379302381,intervalo,diferenca_media_temporal_excessiva,11,0.7442489851150202
23379302381,intervalo,timestamp_invalido,1,0.06765899864682003
23379302381,intervalo,pausa,1,0.06765899864682003
23996168837,intervalo,valido,3030,90.20541827924977
23996168837,intervalo,primeiros_120s,110,3.274784161952962
23996168837,intervalo,amplitude_robusta_fc_excessiva,108,3.2152426317356357
23996168837,intervalo,diferenca_media_temporal_excessiva,59,1.7564751414111344
23996168837,intervalo,cobertura_fc_insuficiente,29,0.8633521881512355
23996168837,intervalo,pausa,12,0.3572491813039595
23996168837,intervalo,velocidade_inferior_limiar,9,0.2679368859779696
23996168837,intervalo,timestamp_invalido,1,0.02977076510866329
23996168837,intervalo,salto_temporal,1,0.02977076510866329
24069625931,intervalo,valido,4223,88.12604340567613
24069625931,intervalo,amplitude_robusta_fc_excessiva,242,5.05008347245409
24069625931,intervalo,diferenca_media_temporal_excessiva,151,3.151085141903172
24069625931,intervalo,primeiros_120s,101,2.1076794657762936
24069625931,intervalo,pausa,47,0.9808013355592654
24069625931,intervalo,velocidade_inferior_limiar,27,0.5634390651085142
24069625931,intervalo,timestamp_invalido,1,0.020868113522537562
24225591249,intervalo,valido,1884,93.49875930521092
24225591249,intervalo,primeiros_120s,112,5.558312655086849
24225591249,intervalo,diferenca_media_temporal_excessiva,11,0.5459057071960298
24225591249,intervalo,pausa,7,0.34739454094292804
24225591249,intervalo,timestamp_invalido,1,0.04962779156327544
21568213058,grupo,cobertura_troco_excessiva,4,3.9215686274509802
21568213058,grupo,cobertura_troco_insuficiente,12,11.764705882352942
21568213058,grupo,menos_2_intervalos,10,9.803921568627452
21568213058,grupo,valido,76,74.50980392156863
21574110161,grupo,cobertura_troco_excessiva,8,4.705882352941177
21574110161,grupo,cobertura_troco_insuficiente,15,8.823529411764707
21574110161,grupo,menos_2_intervalos,18,10.588235294117647
21574110161,grupo,valido,129,75.88235294117646
21604546980,grupo,cobertura_troco_excessiva,2,3.3333333333333335
21604546980,grupo,cobertura_troco_insuficiente,9,15.0
21604546980,grupo,menos_2_intervalos,8,13.333333333333334
21604546980,grupo,valido,41,68.33333333333333
21648150892,grupo,cobertura_troco_excessiva,21,6.325301204819277
21648150892,grupo,cobertura_troco_insuficiente,35,10.542168674698795
21648150892,grupo,menos_2_intervalos,30,9.036144578313253
21648150892,grupo,valido,246,74.09638554216868
21682806144,grupo,cobertura_troco_excessiva,1,0.9345794392523364
21682806144,grupo,cobertura_troco_insuficiente,19,17.757009345794394
21682806144,grupo,menos_2_intervalos,7,6.542056074766355
21682806144,grupo,valido,80,74.76635514018692
21703191468,grupo,cobertura_troco_insuficiente,21,24.137931034482758
21703191468,grupo,menos_2_intervalos,11,12.64367816091954
21703191468,grupo,valido,55,63.2183908045977
21729420815,grupo,cobertura_troco_excessiva,14,4.216867469879518
21729420815,grupo,cobertura_troco_insuficiente,23,6.927710843373494
21729420815,grupo,menos_2_intervalos,31,9.337349397590362
21729420815,grupo,valido,264,79.51807228915662
21827489413,grupo,cobertura_troco_excessiva,2,1.1976047904191616
21827489413,grupo,cobertura_troco_insuficiente,30,17.964071856287426
21827489413,grupo,menos_2_intervalos,15,8.982035928143713
21827489413,grupo,valido,120,71.8562874251497
21848059283,grupo,cobertura_troco_excessiva,3,1.7647058823529411
21848059283,grupo,cobertura_troco_insuficiente,29,17.058823529411764
21848059283,grupo,menos_2_intervalos,25,14.705882352941176
21848059283,grupo,valido,113,66.47058823529412
21862167927,grupo,cobertura_troco_excessiva,33,8.638743455497382
21862167927,grupo,cobertura_troco_insuficiente,17,4.450261780104712
21862167927,grupo,menos_2_intervalos,23,6.020942408376963
21862167927,grupo,valido,309,80.89005235602095
21909979898,grupo,cobertura_troco_excessiva,2,1.5384615384615385
21909979898,grupo,cobertura_troco_insuficiente,19,14.615384615384615
21909979898,grupo,menos_2_intervalos,12,9.23076923076923
21909979898,grupo,valido,97,74.61538461538461
21946978854,grupo,cobertura_troco_excessiva,15,5.617977528089888
21946978854,grupo,cobertura_troco_insuficiente,23,8.614232209737828
21946978854,grupo,menos_2_intervalos,18,6.741573033707865
21946978854,grupo,valido,211,79.02621722846442
22118031985,grupo,cobertura_troco_excessiva,6,3.5294117647058822
22118031985,grupo,cobertura_troco_insuficiente,11,6.470588235294118
22118031985,grupo,menos_2_intervalos,6,3.5294117647058822
22118031985,grupo,valido,147,86.47058823529412
22259327797,grupo,cobertura_troco_excessiva,17,5.555555555555555
22259327797,grupo,cobertura_troco_insuficiente,36,11.764705882352942
22259327797,grupo,menos_2_intervalos,36,11.764705882352942
22259327797,grupo,valido,217,70.91503267973856
22582028728,grupo,cobertura_troco_excessiva,11,4.680851063829787
22582028728,grupo,cobertura_troco_insuficiente,11,4.680851063829787
22582028728,grupo,menos_2_intervalos,21,8.936170212765957
22582028728,grupo,valido,192,81.70212765957447
22610623020,grupo,cobertura_troco_excessiva,4,3.125
22610623020,grupo,cobertura_troco_insuficiente,23,17.96875
22610623020,grupo,menos_2_intervalos,12,9.375
22610623020,grupo,valido,89,69.53125
22664327478,grupo,cobertura_troco_excessiva,8,2.1447721179624666
22664327478,grupo,cobertura_troco_insuficiente,59,15.817694369973191
22664327478,grupo,menos_2_intervalos,42,11.26005361930295
22664327478,grupo,valido,264,70.77747989276139
22882313372,grupo,cobertura_troco_insuficiente,23,18.11023622047244
22882313372,grupo,menos_2_intervalos,1,0.7874015748031497
22882313372,grupo,valido,103,81.10236220472441
22910890927,grupo,cobertura_troco_insuficiente,66,22.916666666666668
22910890927,grupo,menos_2_intervalos,10,3.4722222222222223
22910890927,grupo,valido,212,73.61111111111111
22943992812,grupo,cobertura_troco_insuficiente,31,21.830985915492956
22943992812,grupo,menos_2_intervalos,5,3.5211267605633805
22943992812,grupo,valido,106,74.64788732394366
22980101796,grupo,cobertura_troco_insuficiente,8,2.2346368715083798
22980101796,grupo,valido,350,97.76536312849161
23059351180,grupo,cobertura_troco_insuficiente,22,19.130434782608695
23059351180,grupo,menos_2_intervalos,3,2.608695652173913
23059351180,grupo,valido,90,78.26086956521739
23064485029,grupo,cobertura_troco_insuficiente,55,16.87116564417178
23064485029,grupo,menos_2_intervalos,8,2.4539877300613497
23064485029,grupo,valido,263,80.67484662576688
23095730671,grupo,cobertura_troco_insuficiente,13,9.352517985611511
23095730671,grupo,menos_2_intervalos,3,2.158273381294964
23095730671,grupo,valido,123,88.48920863309353
23119535339,grupo,cobertura_troco_insuficiente,28,14.0
23119535339,grupo,menos_2_intervalos,2,1.0
23119535339,grupo,valido,170,85.0
23161986328,grupo,cobertura_troco_insuficiente,122,25.630252100840337
23161986328,grupo,menos_2_intervalos,12,2.5210084033613445
23161986328,grupo,valido,342,71.84873949579831
23192176528,grupo,cobertura_troco_insuficiente,35,25.547445255474454
23192176528,grupo,menos_2_intervalos,4,2.9197080291970803
23192176528,grupo,valido,98,71.53284671532846
23219229363,grupo,cobertura_troco_insuficiente,39,27.083333333333332
23219229363,grupo,menos_2_intervalos,4,2.7777777777777777
23219229363,grupo,valido,101,70.13888888888889
23299035298,grupo,cobertura_troco_insuficiente,26,12.871287128712872
23299035298,grupo,menos_2_intervalos,1,0.49504950495049505
23299035298,grupo,valido,175,86.63366336633663
23356119297,grupo,cobertura_troco_insuficiente,30,22.900763358778626
23356119297,grupo,menos_2_intervalos,5,3.816793893129771
23356119297,grupo,valido,96,73.2824427480916
23379302381,grupo,cobertura_troco_excessiva,1,0.9615384615384616
23379302381,grupo,cobertura_troco_insuficiente,12,11.538461538461538
23379302381,grupo,menos_2_intervalos,3,2.8846153846153846
23379302381,grupo,valido,88,84.61538461538461
23996168837,grupo,cobertura_troco_insuficiente,37,23.870967741935484
23996168837,grupo,menos_2_intervalos,3,1.935483870967742
23996168837,grupo,valido,115,74.19354838709677
24069625931,grupo,cobertura_troco_insuficiente,46,18.4
24069625931,grupo,menos_2_intervalos,3,1.2
24069625931,grupo,valido,201,80.4
24225591249,grupo,cobertura_troco_insuficiente,24,20.0
24225591249,grupo,menos_2_intervalos,3,2.5
24225591249,grupo,valido,93,77.5
