amostra_id,atividade_id,troco_id,zona_ordem,valor,variavel,limite_inferior,limite_superior,razao
21574110161_19_Z1,21574110161,19,1,831.2807881773424,ritmo_alvo_s_km,190.23312168646476,718.5435026908469,"fora de 1,5 × IQR"
21574110161_20_Z1,21574110161,20,1,887.8504672897183,ritmo_alvo_s_km,190.23312168646476,718.5435026908469,"fora de 1,5 × IQR"
21604546980_33_Z2,21604546980,33,2,779.8440311937685,ritmo_alvo_s_km,190.23312168646476,718.5435026908469,"fora de 1,5 × IQR"
21604546980_39_Z1,21604546980,39,1,808.5106382978723,ritmo_alvo_s_km,190.23312168646476,718.5435026908469,"fora de 1,5 × IQR"
21604546980_40_Z1,21604546980,40,1,721.6308858019115,ritmo_alvo_s_km,190.23312168646476,718.5435026908469,"fora de 1,5 × IQR"
21604546980_41_Z1,21604546980,41,1,847.6246796767196,ritmo_alvo_s_km,190.23312168646476,718.5435026908469,"fora de 1,5 × IQR"
21604546980_42_Z1,21604546980,42,1,841.9689119170955,ritmo_alvo_s_km,190.23312168646476,718.5435026908469,"fora de 1,5 × IQR"
21604546980_43_Z1,21604546980,43,1,829.4753086419803,ritmo_alvo_s_km,190.23312168646476,718.5435026908469,"fora de 1,5 × IQR"
21604546980_45_Z2,21604546980,45,2,807.7226162332511,ritmo_alvo_s_km,190.23312168646476,718.5435026908469,"fora de 1,5 × IQR"
21604546980_47_Z2,21604546980,47,2,752.984389348022,ritmo_alvo_s_km,190.23312168646476,718.5435026908469,"fora de 1,5 × IQR"
21604546980_48_Z2,21604546980,48,2,792.6306769494458,ritmo_alvo_s_km,190.23312168646476,718.5435026908469,"fora de 1,5 × IQR"
21604546980_49_Z2,21604546980,49,2,968.9922480620062,ritmo_alvo_s_km,190.23312168646476,718.5435026908469,"fora de 1,5 × IQR"
21682806144_53_Z3,21682806144,53,3,725.7748136524125,ritmo_alvo_s_km,190.23312168646476,718.5435026908469,"fora de 1,5 × IQR"
21682806144_54_Z2,21682806144,54,2,748.663101604278,ritmo_alvo_s_km,190.23312168646476,718.5435026908469,"fora de 1,5 × IQR"
21682806144_57_Z2,21682806144,57,2,734.024179620032,ritmo_alvo_s_km,190.23312168646476,718.5435026908469,"fora de 1,5 × IQR"
21682806144_71_Z3,21682806144,71,3,806.2848873268573,ritmo_alvo_s_km,190.23312168646476,718.5435026908469,"fora de 1,5 × IQR"
21682806144_73_Z2,21682806144,73,2,752.1773555027714,ritmo_alvo_s_km,190.23312168646476,718.5435026908469,"fora de 1,5 × IQR"
21682806144_74_Z2,21682806144,74,2,729.9270072992753,ritmo_alvo_s_km,190.23312168646476,718.5435026908469,"fora de 1,5 × IQR"
21682806144_79_Z3,21682806144,79,3,745.5731593662615,ritmo_alvo_s_km,190.23312168646476,718.5435026908469,"fora de 1,5 × IQR"
21682806144_80_Z3,21682806144,80,3,775.4943776657561,ritmo_alvo_s_km,190.23312168646476,718.5435026908469,"fora de 1,5 × IQR"
21682806144_86_Z2,21682806144,86,2,731.4725697786231,ritmo_alvo_s_km,190.23312168646476,718.5435026908469,"fora de 1,5 × IQR"
21682806144_88_Z2,21682806144,88,2,729.9270072992622,ritmo_alvo_s_km,190.23312168646476,718.5435026908469,"fora de 1,5 × IQR"
21682806144_89_Z3,21682806144,89,3,750.2930832356453,ritmo_alvo_s_km,190.23312168646476,718.5435026908469,"fora de 1,5 × IQR"
21703191468_42_Z4,21703191468,42,4,723.0255839822017,ritmo_alvo_s_km,190.23312168646476,718.5435026908469,"fora de 1,5 × IQR"
21703191468_43_Z4,21703191468,43,4,725.8399004562384,ritmo_alvo_s_km,190.23312168646476,718.5435026908469,"fora de 1,5 × IQR"
21703191468_47_Z4,21703191468,47,4,726.7833109017479,ritmo_alvo_s_km,190.23312168646476,718.5435026908469,"fora de 1,5 × IQR"
21703191468_51_Z4,21703191468,51,4,776.3323541754115,ritmo_alvo_s_km,190.23312168646476,718.5435026908469,"fora de 1,5 × IQR"
21703191468_56_Z4,21703191468,56,4,839.0541571319619,ritmo_alvo_s_km,190.23312168646476,718.5435026908469,"fora de 1,5 × IQR"
21703191468_58_Z3,21703191468,58,3,720.6443408223848,ritmo_alvo_s_km,190.23312168646476,718.5435026908469,"fora de 1,5 × IQR"
21703191468_59_Z4,21703191468,59,4,733.886407147412,ritmo_alvo_s_km,190.23312168646476,718.5435026908469,"fora de 1,5 × IQR"
21703191468_60_Z4,21703191468,60,4,739.8568019093062,ritmo_alvo_s_km,190.23312168646476,718.5435026908469,"fora de 1,5 × IQR"
21703191468_67_Z3,21703191468,67,3,849.5416946121168,ritmo_alvo_s_km,190.23312168646476,718.5435026908469,"fora de 1,5 × IQR"
21703191468_68_Z3,21703191468,68,3,784.4756399669685,ritmo_alvo_s_km,190.23312168646476,718.5435026908469,"fora de 1,5 × IQR"
21703191468_71_Z3,21703191468,71,3,795.2653967079755,ritmo_alvo_s_km,190.23312168646476,718.5435026908469,"fora de 1,5 × IQR"
21703191468_72_Z3,21703191468,72,3,848.6238532110021,ritmo_alvo_s_km,190.23312168646476,718.5435026908469,"fora de 1,5 × IQR"
21703191468_73_Z3,21703191468,73,3,821.692686935089,ritmo_alvo_s_km,190.23312168646476,718.5435026908469,"fora de 1,5 × IQR"
21703191468_74_Z3,21703191468,74,3,851.6678495386802,ritmo_alvo_s_km,190.23312168646476,718.5435026908469,"fora de 1,5 × IQR"
21703191468_76_Z2,21703191468,76,2,858.6525759577265,ritmo_alvo_s_km,190.23312168646476,718.5435026908469,"fora de 1,5 × IQR"
21703191468_77_Z2,21703191468,77,2,857.2493477450638,ritmo_alvo_s_km,190.23312168646476,718.5435026908469,"fora de 1,5 × IQR"
21703191468_78_Z2,21703191468,78,2,848.3793778551182,ritmo_alvo_s_km,190.23312168646476,718.5435026908469,"fora de 1,5 × IQR"
21703191468_79_Z2,21703191468,79,2,846.5608465608466,ritmo_alvo_s_km,190.23312168646476,718.5435026908469,"fora de 1,5 × IQR"
21703191468_80_Z2,21703191468,80,2,892.4485125858068,ritmo_alvo_s_km,190.23312168646476,718.5435026908469,"fora de 1,5 × IQR"
21729420815_54_Z4,21729420815,54,4,790.0677200902983,ritmo_alvo_s_km,190.23312168646476,718.5435026908469,"fora de 1,5 × IQR"
21729420815_81_Z4,21729420815,81,4,813.7957760124059,ritmo_alvo_s_km,190.23312168646476,718.5435026908469,"fora de 1,5 × IQR"
21729420815_82_Z4,21729420815,82,4,727.8020378456982,ritmo_alvo_s_km,190.23312168646476,718.5435026908469,"fora de 1,5 × IQR"
21729420815_109_Z4,21729420815,109,4,753.8416932444235,ritmo_alvo_s_km,190.23312168646476,718.5435026908469,"fora de 1,5 × IQR"
21729420815_146_Z4,21729420815,146,4,770.3081232493134,ritmo_alvo_s_km,190.23312168646476,718.5435026908469,"fora de 1,5 × IQR"
21729420815_162_Z3,21729420815,162,3,813.1693772312562,ritmo_alvo_s_km,190.23312168646476,718.5435026908469,"fora de 1,5 × IQR"
21729420815_176_Z4,21729420815,176,4,935.3233830845772,ritmo_alvo_s_km,190.23312168646476,718.5435026908469,"fora de 1,5 × IQR"
21729420815_177_Z4,21729420815,177,4,846.8052347959815,ritmo_alvo_s_km,190.23312168646476,718.5435026908469,"fora de 1,5 × IQR"
21729420815_196_Z4,21729420815,196,4,719.6969696969549,ritmo_alvo_s_km,190.23312168646476,718.5435026908469,"fora de 1,5 × IQR"
21729420815_209_Z4,21729420815,209,4,830.7372793354165,ritmo_alvo_s_km,190.23312168646476,718.5435026908469,"fora de 1,5 × IQR"
21729420815_214_Z3,21729420815,214,3,1261.9888944977608,ritmo_alvo_s_km,190.23312168646476,718.5435026908469,"fora de 1,5 × IQR"
21729420815_238_Z4,21729420815,238,4,820.985182218654,ritmo_alvo_s_km,190.23312168646476,718.5435026908469,"fora de 1,5 × IQR"
21729420815_239_Z3,21729420815,239,3,1139.2405063290353,ritmo_alvo_s_km,190.23312168646476,718.5435026908469,"fora de 1,5 × IQR"
21729420815_240_Z3,21729420815,240,3,743.4944237918287,ritmo_alvo_s_km,190.23312168646476,718.5435026908469,"fora de 1,5 × IQR"
21729420815_270_Z4,21729420815,270,4,785.5116735762614,ritmo_alvo_s_km,190.23312168646476,718.5435026908469,"fora de 1,5 × IQR"
21827489413_62_Z3,21827489413,62,3,728.2415630550657,ritmo_alvo_s_km,190.23312168646476,718.5435026908469,"fora de 1,5 × IQR"
21827489413_63_Z2,21827489413,63,2,725.0,ritmo_alvo_s_km,190.23312168646476,718.5435026908469,"fora de 1,5 × IQR"
21827489413_67_Z2,21827489413,67,2,780.1072647489033,ritmo_alvo_s_km,190.23312168646476,718.5435026908469,"fora de 1,5 × IQR"
21827489413_69_Z3,21827489413,69,3,742.0232500618383,ritmo_alvo_s_km,190.23312168646476,718.5435026908469,"fora de 1,5 × IQR"
21827489413_92_Z2,21827489413,92,2,726.6855066612843,ritmo_alvo_s_km,190.23312168646476,718.5435026908469,"fora de 1,5 × IQR"
21827489413_100_Z2,21827489413,100,2,721.3881848313516,ritmo_alvo_s_km,190.23312168646476,718.5435026908469,"fora de 1,5 × IQR"
21827489413_111_Z3,21827489413,111,3,871.656146678678,ritmo_alvo_s_km,190.23312168646476,718.5435026908469,"fora de 1,5 × IQR"
21827489413_113_Z2,21827489413,113,2,765.5502392344631,ritmo_alvo_s_km,190.23312168646476,718.5435026908469,"fora de 1,5 × IQR"
21827489413_114_Z2,21827489413,114,2,940.8321137361504,ritmo_alvo_s_km,190.23312168646476,718.5435026908469,"fora de 1,5 × IQR"
21827489413_115_Z3,21827489413,115,3,970.604547975561,ritmo_alvo_s_km,190.23312168646476,718.5435026908469,"fora de 1,5 × IQR"
21827489413_116_Z3,21827489413,116,3,979.2843691148876,ritmo_alvo_s_km,190.23312168646476,718.5435026908469,"fora de 1,5 × IQR"
21827489413_117_Z3,21827489413,117,3,847.6466651795514,ritmo_alvo_s_km,190.23312168646476,718.5435026908469,"fora de 1,5 × IQR"
21848059283_63_Z3,21848059283,63,3,777.7515908555298,ritmo_alvo_s_km,190.23312168646476,718.5435026908469,"fora de 1,5 × IQR"
21848059283_68_Z4,21848059283,68,4,934.7541596560144,ritmo_alvo_s_km,190.23312168646476,718.5435026908469,"fora de 1,5 × IQR"
21848059283_75_Z4,21848059283,75,4,736.5439093484381,ritmo_alvo_s_km,190.23312168646476,718.5435026908469,"fora de 1,5 × IQR"
21848059283_76_Z3,21848059283,76,3,855.7902403495983,ritmo_alvo_s_km,190.23312168646476,718.5435026908469,"fora de 1,5 × IQR"
21848059283_83_Z3,21848059283,83,3,773.8226840592446,ritmo_alvo_s_km,190.23312168646476,718.5435026908469,"fora de 1,5 × IQR"
21848059283_91_Z2,21848059283,91,2,733.0482590103898,ritmo_alvo_s_km,190.23312168646476,718.5435026908469,"fora de 1,5 × IQR"
21848059283_124_Z3,21848059283,124,3,847.4576271186361,ritmo_alvo_s_km,190.23312168646476,718.5435026908469,"fora de 1,5 × IQR"
21848059283_132_Z2,21848059283,132,2,774.5933384972976,ritmo_alvo_s_km,190.23312168646476,718.5435026908469,"fora de 1,5 × IQR"
21909979898_58_Z1,21909979898,58,1,825.9587020649057,ritmo_alvo_s_km,190.23312168646476,718.5435026908469,"fora de 1,5 × IQR"
21946978854_73_Z4,21946978854,73,4,751.3500821789127,ritmo_alvo_s_km,190.23312168646476,718.5435026908469,"fora de 1,5 × IQR"
21946978854_109_Z2,21946978854,109,2,750.375187593788,ritmo_alvo_s_km,190.23312168646476,718.5435026908469,"fora de 1,5 × IQR"
21946978854_110_Z2,21946978854,110,2,827.1787296897991,ritmo_alvo_s_km,190.23312168646476,718.5435026908469,"fora de 1,5 × IQR"
21946978854_112_Z2,21946978854,112,2,825.1900108577601,ritmo_alvo_s_km,190.23312168646476,718.5435026908469,"fora de 1,5 × IQR"
21946978854_113_Z2,21946978854,113,2,762.2761921645118,ritmo_alvo_s_km,190.23312168646476,718.5435026908469,"fora de 1,5 × IQR"
21946978854_114_Z2,21946978854,114,2,785.9014050964386,ritmo_alvo_s_km,190.23312168646476,718.5435026908469,"fora de 1,5 × IQR"
21946978854_115_Z2,21946978854,115,2,764.4197359277263,ritmo_alvo_s_km,190.23312168646476,718.5435026908469,"fora de 1,5 × IQR"
21946978854_188_Z4,21946978854,188,4,740.7407407407459,ritmo_alvo_s_km,190.23312168646476,718.5435026908469,"fora de 1,5 × IQR"
21946978854_192_Z4,21946978854,192,4,746.4079119238644,ritmo_alvo_s_km,190.23312168646476,718.5435026908469,"fora de 1,5 × IQR"
21946978854_193_Z4,21946978854,193,4,719.5538765965083,ritmo_alvo_s_km,190.23312168646476,718.5435026908469,"fora de 1,5 × IQR"
22259327797_52_Z5,22259327797,52,5,735.4364234565502,ritmo_alvo_s_km,190.23312168646476,718.5435026908469,"fora de 1,5 × IQR"
22259327797_53_Z5,22259327797,53,5,825.5933952528411,ritmo_alvo_s_km,190.23312168646476,718.5435026908469,"fora de 1,5 × IQR"
22259327797_57_Z5,22259327797,57,5,834.923664122136,ritmo_alvo_s_km,190.23312168646476,718.5435026908469,"fora de 1,5 × IQR"
22259327797_58_Z4,22259327797,58,4,821.266479360277,ritmo_alvo_s_km,190.23312168646476,718.5435026908469,"fora de 1,5 × IQR"
22259327797_59_Z4,22259327797,59,4,744.222483352919,ritmo_alvo_s_km,190.23312168646476,718.5435026908469,"fora de 1,5 × IQR"
22259327797_60_Z4,22259327797,60,4,872.8426899424663,ritmo_alvo_s_km,190.23312168646476,718.5435026908469,"fora de 1,5 × IQR"
22259327797_61_Z4,22259327797,61,4,866.5105386416899,ritmo_alvo_s_km,190.23312168646476,718.5435026908469,"fora de 1,5 × IQR"
22259327797_115_Z5,22259327797,115,5,738.6888273314792,ritmo_alvo_s_km,190.23312168646476,718.5435026908469,"fora de 1,5 × IQR"
22259327797_116_Z5,22259327797,116,5,752.5325615050612,ritmo_alvo_s_km,190.23312168646476,718.5435026908469,"fora de 1,5 × IQR"
22259327797_118_Z4,22259327797,118,4,771.9523962689158,ritmo_alvo_s_km,190.23312168646476,718.5435026908469,"fora de 1,5 × IQR"
22259327797_120_Z4,22259327797,120,4,837.5634517766381,ritmo_alvo_s_km,190.23312168646476,718.5435026908469,"fora de 1,5 × IQR"
22259327797_136_Z5,22259327797,136,5,734.418420007938,ritmo_alvo_s_km,190.23312168646476,718.5435026908469,"fora de 1,5 × IQR"
22259327797_137_Z5,22259327797,137,5,769.9275362318866,ritmo_alvo_s_km,190.23312168646476,718.5435026908469,"fora de 1,5 × IQR"
22259327797_138_Z5,22259327797,138,5,783.0853563038382,ritmo_alvo_s_km,190.23312168646476,718.5435026908469,"fora de 1,5 × IQR"
22259327797_139_Z5,22259327797,139,5,844.3465491923569,ritmo_alvo_s_km,190.23312168646476,718.5435026908469,"fora de 1,5 × IQR"
22259327797_170_Z5,22259327797,170,5,719.4244604316574,ritmo_alvo_s_km,190.23312168646476,718.5435026908469,"fora de 1,5 × IQR"
22259327797_181_Z5,22259327797,181,5,767.543859649132,ritmo_alvo_s_km,190.23312168646476,718.5435026908469,"fora de 1,5 × IQR"
22259327797_182_Z5,22259327797,182,5,731.6134000770047,ritmo_alvo_s_km,190.23312168646476,718.5435026908469,"fora de 1,5 × IQR"
22259327797_259_Z4,22259327797,259,4,737.2072853425427,ritmo_alvo_s_km,190.23312168646476,718.5435026908469,"fora de 1,5 × IQR"
22610623020_56_Z2,22610623020,56,2,738.4468794664123,ritmo_alvo_s_km,190.23312168646476,718.5435026908469,"fora de 1,5 × IQR"
22664327478_15_Z3,22664327478,15,3,1002.615518744556,ritmo_alvo_s_km,190.23312168646476,718.5435026908469,"fora de 1,5 × IQR"
22664327478_18_Z3,22664327478,18,3,741.626794258374,ritmo_alvo_s_km,190.23312168646476,718.5435026908469,"fora de 1,5 × IQR"
22664327478_21_Z2,22664327478,21,2,928.381962864722,ritmo_alvo_s_km,190.23312168646476,718.5435026908469,"fora de 1,5 × IQR"
22664327478_49_Z4,22664327478,49,4,738.7646213831243,ritmo_alvo_s_km,190.23312168646476,718.5435026908469,"fora de 1,5 × IQR"
22664327478_52_Z4,22664327478,52,4,801.1806873286977,ritmo_alvo_s_km,190.23312168646476,718.5435026908469,"fora de 1,5 × IQR"
22664327478_53_Z4,22664327478,53,4,902.4252679075004,ritmo_alvo_s_km,190.23312168646476,718.5435026908469,"fora de 1,5 × IQR"
22664327478_54_Z5,22664327478,54,5,827.1787296898102,ritmo_alvo_s_km,190.23312168646476,718.5435026908469,"fora de 1,5 × IQR"
22664327478_72_Z4,22664327478,72,4,765.5332027772822,ritmo_alvo_s_km,190.23312168646476,718.5435026908469,"fora de 1,5 × IQR"
22664327478_77_Z4,22664327478,77,4,832.958126969832,ritmo_alvo_s_km,190.23312168646476,718.5435026908469,"fora de 1,5 × IQR"
22664327478_79_Z4,22664327478,79,4,1267.9628064243363,ritmo_alvo_s_km,190.23312168646476,718.5435026908469,"fora de 1,5 × IQR"
22664327478_80_Z4,22664327478,80,4,828.247602441157,ritmo_alvo_s_km,190.23312168646476,718.5435026908469,"fora de 1,5 × IQR"
22664327478_92_Z4,22664327478,92,4,783.0260166708736,ritmo_alvo_s_km,190.23312168646476,718.5435026908469,"fora de 1,5 × IQR"
22664327478_94_Z4,22664327478,94,4,1094.2384993300643,ritmo_alvo_s_km,190.23312168646476,718.5435026908469,"fora de 1,5 × IQR"
22664327478_95_Z5,22664327478,95,5,1287.8445549028404,ritmo_alvo_s_km,190.23312168646476,718.5435026908469,"fora de 1,5 × IQR"
22664327478_96_Z5,22664327478,96,5,1439.5994158147212,ritmo_alvo_s_km,190.23312168646476,718.5435026908469,"fora de 1,5 × IQR"
22664327478_97_Z5,22664327478,97,5,1273.3620866707847,ritmo_alvo_s_km,190.23312168646476,718.5435026908469,"fora de 1,5 × IQR"
22664327478_98_Z4,22664327478,98,4,1200.600300150088,ritmo_alvo_s_km,190.23312168646476,718.5435026908469,"fora de 1,5 × IQR"
22664327478_99_Z4,22664327478,99,4,794.6465913843477,ritmo_alvo_s_km,190.23312168646476,718.5435026908469,"fora de 1,5 × IQR"
22664327478_101_Z4,22664327478,101,4,741.2252016568581,ritmo_alvo_s_km,190.23312168646476,718.5435026908469,"fora de 1,5 × IQR"
22664327478_102_Z4,22664327478,102,4,850.7135016465515,ritmo_alvo_s_km,190.23312168646476,718.5435026908469,"fora de 1,5 × IQR"
22664327478_104_Z3,22664327478,104,3,1067.4303566779272,ritmo_alvo_s_km,190.23312168646476,718.5435026908469,"fora de 1,5 × IQR"
22664327478_105_Z3,22664327478,105,3,939.5184967704192,ritmo_alvo_s_km,190.23312168646476,718.5435026908469,"fora de 1,5 × IQR"
22664327478_115_Z4,22664327478,115,4,729.6538821328369,ritmo_alvo_s_km,190.23312168646476,718.5435026908469,"fora de 1,5 × IQR"
22664327478_139_Z5,22664327478,139,5,791.9049714034468,ritmo_alvo_s_km,190.23312168646476,718.5435026908469,"fora de 1,5 × IQR"
22664327478_140_Z5,22664327478,140,5,997.4067424695768,ritmo_alvo_s_km,190.23312168646476,718.5435026908469,"fora de 1,5 × IQR"
22664327478_141_Z5,22664327478,141,5,754.5183365502628,ritmo_alvo_s_km,190.23312168646476,718.5435026908469,"fora de 1,5 × IQR"
22664327478_158_Z5,22664327478,158,5,833.3333333333364,ritmo_alvo_s_km,190.23312168646476,718.5435026908469,"fora de 1,5 × IQR"
22664327478_159_Z5,22664327478,159,5,974.3698368989614,ritmo_alvo_s_km,190.23312168646476,718.5435026908469,"fora de 1,5 × IQR"
22664327478_160_Z5,22664327478,160,5,927.6437847866378,ritmo_alvo_s_km,190.23312168646476,718.5435026908469,"fora de 1,5 × IQR"
22664327478_161_Z5,22664327478,161,5,948.6931268151084,ritmo_alvo_s_km,190.23312168646476,718.5435026908469,"fora de 1,5 × IQR"
22664327478_162_Z5,22664327478,162,5,811.5236356258882,ritmo_alvo_s_km,190.23312168646476,718.5435026908469,"fora de 1,5 × IQR"
22664327478_190_Z5,22664327478,190,5,877.0391159445678,ritmo_alvo_s_km,190.23312168646476,718.5435026908469,"fora de 1,5 × IQR"
22664327478_191_Z5,22664327478,191,5,913.7635636779186,ritmo_alvo_s_km,190.23312168646476,718.5435026908469,"fora de 1,5 × IQR"
22664327478_192_Z5,22664327478,192,5,1025.524156791225,ritmo_alvo_s_km,190.23312168646476,718.5435026908469,"fora de 1,5 × IQR"
22664327478_201_Z5,22664327478,201,5,961.3458842379276,ritmo_alvo_s_km,190.23312168646476,718.5435026908469,"fora de 1,5 × IQR"
22664327478_202_Z5,22664327478,202,5,1111.1111111111036,ritmo_alvo_s_km,190.23312168646476,718.5435026908469,"fora de 1,5 × IQR"
22664327478_204_Z4,22664327478,204,4,1019.3467859371812,ritmo_alvo_s_km,190.23312168646476,718.5435026908469,"fora de 1,5 × IQR"
22664327478_205_Z4,22664327478,205,4,959.3794651969832,ritmo_alvo_s_km,190.23312168646476,718.5435026908469,"fora de 1,5 × IQR"
22664327478_206_Z4,22664327478,206,4,759.1186817256033,ritmo_alvo_s_km,190.23312168646476,718.5435026908469,"fora de 1,5 × IQR"
22664327478_252_Z5,22664327478,252,5,838.0473496752643,ritmo_alvo_s_km,190.23312168646476,718.5435026908469,"fora de 1,5 × IQR"
22664327478_253_Z5,22664327478,253,5,1106.4172198752556,ritmo_alvo_s_km,190.23312168646476,718.5435026908469,"fora de 1,5 × IQR"
22664327478_254_Z5,22664327478,254,5,907.8071414161844,ritmo_alvo_s_km,190.23312168646476,718.5435026908469,"fora de 1,5 × IQR"
22664327478_255_Z5,22664327478,255,5,1032.924467398336,ritmo_alvo_s_km,190.23312168646476,718.5435026908469,"fora de 1,5 × IQR"
22664327478_256_Z5,22664327478,256,5,1045.2961672473898,ritmo_alvo_s_km,190.23312168646476,718.5435026908469,"fora de 1,5 × IQR"
22664327478_257_Z5,22664327478,257,5,857.2869389813445,ritmo_alvo_s_km,190.23312168646476,718.5435026908469,"fora de 1,5 × IQR"
22664327478_258_Z5,22664327478,258,5,946.3722397476124,ritmo_alvo_s_km,190.23312168646476,718.5435026908469,"fora de 1,5 × IQR"
22664327478_262_Z4,22664327478,262,4,768.1755829903825,ritmo_alvo_s_km,190.23312168646476,718.5435026908469,"fora de 1,5 × IQR"
22664327478_269_Z5,22664327478,269,5,891.1642017444102,ritmo_alvo_s_km,190.23312168646476,718.5435026908469,"fora de 1,5 × IQR"
22664327478_270_Z5,22664327478,270,5,825.5159474671501,ritmo_alvo_s_km,190.23312168646476,718.5435026908469,"fora de 1,5 × IQR"
22664327478_272_Z4,22664327478,272,4,721.298337006614,ritmo_alvo_s_km,190.23312168646476,718.5435026908469,"fora de 1,5 × IQR"
22664327478_288_Z5,22664327478,288,5,874.0781207320265,ritmo_alvo_s_km,190.23312168646476,718.5435026908469,"fora de 1,5 × IQR"
22664327478_289_Z5,22664327478,289,5,739.9103139013392,ritmo_alvo_s_km,190.23312168646476,718.5435026908469,"fora de 1,5 × IQR"
22664327478_309_Z5,22664327478,309,5,758.3682008368605,ritmo_alvo_s_km,190.23312168646476,718.5435026908469,"fora de 1,5 × IQR"
22910890927_167_Z4,22910890927,167,4,1015.1232649678416,ritmo_alvo_s_km,190.23312168646476,718.5435026908469,"fora de 1,5 × IQR"
22943992812_92_Z4,22943992812,92,4,718.9934092270863,ritmo_alvo_s_km,190.23312168646476,718.5435026908469,"fora de 1,5 × IQR"
22943992812_121_Z3,22943992812,121,3,770.9033405811404,ritmo_alvo_s_km,190.23312168646476,718.5435026908469,"fora de 1,5 × IQR"
22943992812_122_Z3,22943992812,122,3,767.3667205169702,ritmo_alvo_s_km,190.23312168646476,718.5435026908469,"fora de 1,5 × IQR"
23064485029_174_Z1,23064485029,174,1,809.4645080946096,ritmo_alvo_s_km,190.23312168646476,718.5435026908469,"fora de 1,5 × IQR"
23161986328_22_Z4,23161986328,22,4,790.5939590512847,ritmo_alvo_s_km,190.23312168646476,718.5435026908469,"fora de 1,5 × IQR"
23161986328_25_Z4,23161986328,25,4,935.9104781281816,ritmo_alvo_s_km,190.23312168646476,718.5435026908469,"fora de 1,5 × IQR"
23161986328_26_Z4,23161986328,26,4,1078.3907092492786,ritmo_alvo_s_km,190.23312168646476,718.5435026908469,"fora de 1,5 × IQR"
23161986328_27_Z4,23161986328,27,4,1207.9947287502632,ritmo_alvo_s_km,190.23312168646476,718.5435026908469,"fora de 1,5 × IQR"
23161986328_28_Z4,23161986328,28,4,969.797727902456,ritmo_alvo_s_km,190.23312168646476,718.5435026908469,"fora de 1,5 × IQR"
23161986328_29_Z5,23161986328,29,5,1266.9683257918605,ritmo_alvo_s_km,190.23312168646476,718.5435026908469,"fora de 1,5 × IQR"
23161986328_31_Z4,23161986328,31,4,1031.8949343339618,ritmo_alvo_s_km,190.23312168646476,718.5435026908469,"fora de 1,5 × IQR"
23161986328_35_Z4,23161986328,35,4,813.6482939632517,ritmo_alvo_s_km,190.23312168646476,718.5435026908469,"fora de 1,5 × IQR"
23161986328_38_Z4,23161986328,38,4,1197.4584555229694,ritmo_alvo_s_km,190.23312168646476,718.5435026908469,"fora de 1,5 × IQR"
23161986328_39_Z4,23161986328,39,4,846.0586050350798,ritmo_alvo_s_km,190.23312168646476,718.5435026908469,"fora de 1,5 × IQR"
23161986328_84_Z5,23161986328,84,5,854.50865752192,ritmo_alvo_s_km,190.23312168646476,718.5435026908469,"fora de 1,5 × IQR"
23161986328_85_Z5,23161986328,85,5,796.4954201513301,ritmo_alvo_s_km,190.23312168646476,718.5435026908469,"fora de 1,5 × IQR"
23161986328_97_Z5,23161986328,97,5,732.3832145684814,ritmo_alvo_s_km,190.23312168646476,718.5435026908469,"fora de 1,5 × IQR"
23161986328_98_Z5,23161986328,98,5,763.6655948553021,ritmo_alvo_s_km,190.23312168646476,718.5435026908469,"fora de 1,5 × IQR"
23161986328_99_Z5,23161986328,99,5,921.2898057280306,ritmo_alvo_s_km,190.23312168646476,718.5435026908469,"fora de 1,5 × IQR"
23161986328_100_Z5,23161986328,100,5,961.1533840608632,ritmo_alvo_s_km,190.23312168646476,718.5435026908469,"fora de 1,5 × IQR"
23161986328_101_Z5,23161986328,101,5,957.136912193102,ritmo_alvo_s_km,190.23312168646476,718.5435026908469,"fora de 1,5 × IQR"
23161986328_102_Z5,23161986328,102,5,1074.8243075651071,ritmo_alvo_s_km,190.23312168646476,718.5435026908469,"fora de 1,5 × IQR"
23161986328_103_Z5,23161986328,103,5,1093.9112487100144,ritmo_alvo_s_km,190.23312168646476,718.5435026908469,"fora de 1,5 × IQR"
23161986328_104_Z5,23161986328,104,5,1170.5301813174524,ritmo_alvo_s_km,190.23312168646476,718.5435026908469,"fora de 1,5 × IQR"
23161986328_105_Z5,23161986328,105,5,1278.583722645711,ritmo_alvo_s_km,190.23312168646476,718.5435026908469,"fora de 1,5 × IQR"
23161986328_107_Z4,23161986328,107,4,905.9233449477314,ritmo_alvo_s_km,190.23312168646476,718.5435026908469,"fora de 1,5 × IQR"
23161986328_127_Z3,23161986328,127,3,758.8187038556159,ritmo_alvo_s_km,190.23312168646476,718.5435026908469,"fora de 1,5 × IQR"
23161986328_147_Z5,23161986328,147,5,748.6847430190195,ritmo_alvo_s_km,190.23312168646476,718.5435026908469,"fora de 1,5 × IQR"
23161986328_152_Z4,23161986328,152,4,757.5757575757598,ritmo_alvo_s_km,190.23312168646476,718.5435026908469,"fora de 1,5 × IQR"
23161986328_153_Z4,23161986328,153,4,735.8953393295164,ritmo_alvo_s_km,190.23312168646476,718.5435026908469,"fora de 1,5 × IQR"
23161986328_170_Z4,23161986328,170,4,1101.5325670497548,ritmo_alvo_s_km,190.23312168646476,718.5435026908469,"fora de 1,5 × IQR"
23161986328_171_Z4,23161986328,171,4,913.4737376300886,ritmo_alvo_s_km,190.23312168646476,718.5435026908469,"fora de 1,5 × IQR"
23161986328_172_Z4,23161986328,172,4,1034.2950462710492,ritmo_alvo_s_km,190.23312168646476,718.5435026908469,"fora de 1,5 × IQR"
23161986328_174_Z4,23161986328,174,4,1137.5605645671108,ritmo_alvo_s_km,190.23312168646476,718.5435026908469,"fora de 1,5 × IQR"
23161986328_175_Z4,23161986328,175,4,1021.25885785745,ritmo_alvo_s_km,190.23312168646476,718.5435026908469,"fora de 1,5 × IQR"
23161986328_177_Z5,23161986328,177,5,788.4880741178857,ritmo_alvo_s_km,190.23312168646476,718.5435026908469,"fora de 1,5 × IQR"
23161986328_182_Z4,23161986328,182,4,898.3829107606283,ritmo_alvo_s_km,190.23312168646476,718.5435026908469,"fora de 1,5 × IQR"
23161986328_183_Z4,23161986328,183,4,766.5926971958891,ritmo_alvo_s_km,190.23312168646476,718.5435026908469,"fora de 1,5 × IQR"
23161986328_184_Z4,23161986328,184,4,812.7539856205119,ritmo_alvo_s_km,190.23312168646476,718.5435026908469,"fora de 1,5 × IQR"
23161986328_185_Z5,23161986328,185,5,881.8813468733281,ritmo_alvo_s_km,190.23312168646476,718.5435026908469,"fora de 1,5 × IQR"
23161986328_187_Z4,23161986328,187,4,829.8755186722045,ritmo_alvo_s_km,190.23312168646476,718.5435026908469,"fora de 1,5 × IQR"
23161986328_188_Z4,23161986328,188,4,753.5460992907667,ritmo_alvo_s_km,190.23312168646476,718.5435026908469,"fora de 1,5 × IQR"
23161986328_189_Z4,23161986328,189,4,864.321608040201,ritmo_alvo_s_km,190.23312168646476,718.5435026908469,"fora de 1,5 × IQR"
23161986328_194_Z4,23161986328,194,4,743.1211086563437,ritmo_alvo_s_km,190.23312168646476,718.5435026908469,"fora de 1,5 × IQR"
23161986328_195_Z5,23161986328,195,5,1079.4602698650556,ritmo_alvo_s_km,190.23312168646476,718.5435026908469,"fora de 1,5 × IQR"
23161986328_196_Z5,23161986328,196,5,1295.8488908411332,ritmo_alvo_s_km,190.23312168646476,718.5435026908469,"fora de 1,5 × IQR"
23161986328_197_Z5,23161986328,197,5,1128.1805088813758,ritmo_alvo_s_km,190.23312168646476,718.5435026908469,"fora de 1,5 × IQR"
23161986328_204_Z4,23161986328,204,4,742.226680040142,ritmo_alvo_s_km,190.23312168646476,718.5435026908469,"fora de 1,5 × IQR"
23161986328_224_Z5,23161986328,224,5,811.843361986644,ritmo_alvo_s_km,190.23312168646476,718.5435026908469,"fora de 1,5 × IQR"
23161986328_225_Z5,23161986328,225,5,748.5029940119774,ritmo_alvo_s_km,190.23312168646476,718.5435026908469,"fora de 1,5 × IQR"
23161986328_226_Z4,23161986328,226,4,718.9934092270993,ritmo_alvo_s_km,190.23312168646476,718.5435026908469,"fora de 1,5 × IQR"
23161986328_227_Z4,23161986328,227,4,1028.0842527582954,ritmo_alvo_s_km,190.23312168646476,718.5435026908469,"fora de 1,5 × IQR"
23161986328_228_Z4,23161986328,228,4,726.1109497531162,ritmo_alvo_s_km,190.23312168646476,718.5435026908469,"fora de 1,5 × IQR"
23161986328_229_Z4,23161986328,229,4,922.3201475712071,ritmo_alvo_s_km,190.23312168646476,718.5435026908469,"fora de 1,5 × IQR"
23161986328_230_Z4,23161986328,230,4,752.8641571194494,ritmo_alvo_s_km,190.23312168646476,718.5435026908469,"fora de 1,5 × IQR"
23161986328_231_Z4,23161986328,231,4,788.5453413571197,ritmo_alvo_s_km,190.23312168646476,718.5435026908469,"fora de 1,5 × IQR"
23161986328_232_Z4,23161986328,232,4,861.065859902234,ritmo_alvo_s_km,190.23312168646476,718.5435026908469,"fora de 1,5 × IQR"
23161986328_233_Z4,23161986328,233,4,1142.4017003188274,ritmo_alvo_s_km,190.23312168646476,718.5435026908469,"fora de 1,5 × IQR"
23161986328_234_Z4,23161986328,234,4,1111.6152450090765,ritmo_alvo_s_km,190.23312168646476,718.5435026908469,"fora de 1,5 × IQR"
23161986328_235_Z4,23161986328,235,4,883.7391987431253,ritmo_alvo_s_km,190.23312168646476,718.5435026908469,"fora de 1,5 × IQR"
23161986328_236_Z4,23161986328,236,4,889.1780524832162,ritmo_alvo_s_km,190.23312168646476,718.5435026908469,"fora de 1,5 × IQR"
23161986328_237_Z4,23161986328,237,4,872.0340701683318,ritmo_alvo_s_km,190.23312168646476,718.5435026908469,"fora de 1,5 × IQR"
23161986328_238_Z4,23161986328,238,4,1002.4549918167104,ritmo_alvo_s_km,190.23312168646476,718.5435026908469,"fora de 1,5 × IQR"
23161986328_294_Z4,23161986328,294,4,779.1675210170117,ritmo_alvo_s_km,190.23312168646476,718.5435026908469,"fora de 1,5 × IQR"
23161986328_295_Z4,23161986328,295,4,864.731315626903,ritmo_alvo_s_km,190.23312168646476,718.5435026908469,"fora de 1,5 × IQR"
23161986328_377_Z5,23161986328,377,5,878.2936010040368,ritmo_alvo_s_km,190.23312168646476,718.5435026908469,"fora de 1,5 × IQR"
23356119297_120_Z3,23356119297,120,3,787.0572802798464,ritmo_alvo_s_km,190.23312168646476,718.5435026908469,"fora de 1,5 × IQR"
23356119297_121_Z4,23356119297,121,4,867.5078864353425,ritmo_alvo_s_km,190.23312168646476,718.5435026908469,"fora de 1,5 × IQR"
23356119297_122_Z4,23356119297,122,4,757.5757575757568,ritmo_alvo_s_km,190.23312168646476,718.5435026908469,"fora de 1,5 × IQR"
23356119297_128_Z3,23356119297,128,3,751.8796992481167,ritmo_alvo_s_km,190.23312168646476,718.5435026908469,"fora de 1,5 × IQR"
23996168837_80_Z4,23996168837,80,4,737.7866400797594,ritmo_alvo_s_km,190.23312168646476,718.5435026908469,"fora de 1,5 × IQR"
23996168837_82_Z4,23996168837,82,4,750.9640755023274,ritmo_alvo_s_km,190.23312168646476,718.5435026908469,"fora de 1,5 × IQR"
23996168837_84_Z3,23996168837,84,3,745.2441655226547,ritmo_alvo_s_km,190.23312168646476,718.5435026908469,"fora de 1,5 × IQR"
23996168837_85_Z3,23996168837,85,3,800.8213552361277,ritmo_alvo_s_km,190.23312168646476,718.5435026908469,"fora de 1,5 × IQR"
23996168837_86_Z3,23996168837,86,3,771.476230191826,ritmo_alvo_s_km,190.23312168646476,718.5435026908469,"fora de 1,5 × IQR"
23996168837_91_Z3,23996168837,91,3,720.1440288057512,ritmo_alvo_s_km,190.23312168646476,718.5435026908469,"fora de 1,5 × IQR"
23996168837_93_Z3,23996168837,93,3,745.0664518727368,ritmo_alvo_s_km,190.23312168646476,718.5435026908469,"fora de 1,5 × IQR"
23996168837_96_Z3,23996168837,96,3,736.9498464687903,ritmo_alvo_s_km,190.23312168646476,718.5435026908469,"fora de 1,5 × IQR"
23996168837_98_Z3,23996168837,98,3,764.5875251509083,ritmo_alvo_s_km,190.23312168646476,718.5435026908469,"fora de 1,5 × IQR"
23996168837_99_Z3,23996168837,99,3,766.1290322580729,ritmo_alvo_s_km,190.23312168646476,718.5435026908469,"fora de 1,5 × IQR"
23996168837_100_Z3,23996168837,100,3,722.2078927005505,ritmo_alvo_s_km,190.23312168646476,718.5435026908469,"fora de 1,5 × IQR"
23996168837_107_Z2,23996168837,107,2,774.7196738022398,ritmo_alvo_s_km,190.23312168646476,718.5435026908469,"fora de 1,5 × IQR"
23996168837_108_Z2,23996168837,108,2,830.2956662616425,ritmo_alvo_s_km,190.23312168646476,718.5435026908469,"fora de 1,5 × IQR"
23996168837_109_Z2,23996168837,109,2,736.611586701181,ritmo_alvo_s_km,190.23312168646476,718.5435026908469,"fora de 1,5 × IQR"
23996168837_110_Z2,23996168837,110,2,774.1167129813401,ritmo_alvo_s_km,190.23312168646476,718.5435026908469,"fora de 1,5 × IQR"
23996168837_111_Z2,23996168837,111,2,735.4402703239854,ritmo_alvo_s_km,190.23312168646476,718.5435026908469,"fora de 1,5 × IQR"
23996168837_112_Z2,23996168837,112,2,752.4913565182011,ritmo_alvo_s_km,190.23312168646476,718.5435026908469,"fora de 1,5 × IQR"
24069625931_82_Z4,24069625931,82,4,952.6938239158842,ritmo_alvo_s_km,190.23312168646476,718.5435026908469,"fora de 1,5 × IQR"
24069625931_141_Z4,24069625931,141,4,728.4500202347217,ritmo_alvo_s_km,190.23312168646476,718.5435026908469,"fora de 1,5 × IQR"
21574110161_18_Z2,21574110161,18,2,16.025773625904833,declive_pct,-12.984906125558524,12.981903441360629,"fora de 1,5 × IQR"
21574110161_19_Z1,21574110161,19,1,19.84507201136435,declive_pct,-12.984906125558524,12.981903441360629,"fora de 1,5 × IQR"
21574110161_20_Z1,21574110161,20,1,13.630583673428331,declive_pct,-12.984906125558524,12.981903441360629,"fora de 1,5 × IQR"
21574110161_32_Z3,21574110161,32,3,14.172427604873292,declive_pct,-12.984906125558524,12.981903441360629,"fora de 1,5 × IQR"
21574110161_91_Z4,21574110161,91,4,-17.37168468997686,declive_pct,-12.984906125558524,12.981903441360629,"fora de 1,5 × IQR"
21604546980_11_Z2,21604546980,11,2,-25.391616610368715,declive_pct,-12.984906125558524,12.981903441360629,"fora de 1,5 × IQR"
21604546980_17_Z2,21604546980,17,2,-33.30091973526703,declive_pct,-12.984906125558524,12.981903441360629,"fora de 1,5 × IQR"
21604546980_32_Z2,21604546980,32,2,15.082861990155038,declive_pct,-12.984906125558524,12.981903441360629,"fora de 1,5 × IQR"
21604546980_33_Z2,21604546980,33,2,26.59308056448037,declive_pct,-12.984906125558524,12.981903441360629,"fora de 1,5 × IQR"
21604546980_38_Z1,21604546980,38,1,23.639012340826184,declive_pct,-12.984906125558524,12.981903441360629,"fora de 1,5 × IQR"
21604546980_40_Z1,21604546980,40,1,-20.04785775253231,declive_pct,-12.984906125558524,12.981903441360629,"fora de 1,5 × IQR"
21604546980_45_Z2,21604546980,45,2,17.792578726751003,declive_pct,-12.984906125558524,12.981903441360629,"fora de 1,5 × IQR"
21604546980_47_Z2,21604546980,47,2,-15.436948737144348,declive_pct,-12.984906125558524,12.981903441360629,"fora de 1,5 × IQR"
21648150892_69_Z5,21648150892,69,5,17.973608936560083,declive_pct,-12.984906125558524,12.981903441360629,"fora de 1,5 × IQR"
21648150892_79_Z4,21648150892,79,4,14.438565525407796,declive_pct,-12.984906125558524,12.981903441360629,"fora de 1,5 × IQR"
21648150892_180_Z4,21648150892,180,4,-15.65854928409118,declive_pct,-12.984906125558524,12.981903441360629,"fora de 1,5 × IQR"
21648150892_204_Z4,21648150892,204,4,-15.832257184471928,declive_pct,-12.984906125558524,12.981903441360629,"fora de 1,5 × IQR"
21648150892_229_Z4,21648150892,229,4,13.295953048009752,declive_pct,-12.984906125558524,12.981903441360629,"fora de 1,5 × IQR"
21682806144_11_Z2,21682806144,11,2,18.809131618259585,declive_pct,-12.984906125558524,12.981903441360629,"fora de 1,5 × IQR"
21682806144_12_Z2,21682806144,12,2,18.454492790855056,declive_pct,-12.984906125558524,12.981903441360629,"fora de 1,5 × IQR"
21682806144_14_Z2,21682806144,14,2,-30.05925616681145,declive_pct,-12.984906125558524,12.981903441360629,"fora de 1,5 × IQR"
21682806144_24_Z2,21682806144,24,2,14.058402914322414,declive_pct,-12.984906125558524,12.981903441360629,"fora de 1,5 × IQR"
21682806144_29_Z2,21682806144,29,2,-17.022186372818226,declive_pct,-12.984906125558524,12.981903441360629,"fora de 1,5 × IQR"
21682806144_32_Z2,21682806144,32,2,-15.791690194424293,declive_pct,-12.984906125558524,12.981903441360629,"fora de 1,5 × IQR"
21682806144_53_Z3,21682806144,53,3,13.707930369015628,declive_pct,-12.984906125558524,12.981903441360629,"fora de 1,5 × IQR"
21682806144_56_Z2,21682806144,56,2,19.995243153158924,declive_pct,-12.984906125558524,12.981903441360629,"fora de 1,5 × IQR"
21682806144_71_Z3,21682806144,71,3,16.850292664184224,declive_pct,-12.984906125558524,12.981903441360629,"fora de 1,5 × IQR"
21682806144_73_Z2,21682806144,73,2,-30.167953987750707,declive_pct,-12.984906125558524,12.981903441360629,"fora de 1,5 × IQR"
21682806144_75_Z2,21682806144,75,2,14.917854728644215,declive_pct,-12.984906125558524,12.981903441360629,"fora de 1,5 × IQR"
21682806144_79_Z3,21682806144,79,3,25.94675708614136,declive_pct,-12.984906125558524,12.981903441360629,"fora de 1,5 × IQR"
21682806144_81_Z2,21682806144,81,2,-48.1763839788016,declive_pct,-12.984906125558524,12.981903441360629,"fora de 1,5 × IQR"
21682806144_82_Z2,21682806144,82,2,-17.95280774394405,declive_pct,-12.984906125558524,12.981903441360629,"fora de 1,5 × IQR"
21682806144_84_Z2,21682806144,84,2,14.918648752578632,declive_pct,-12.984906125558524,12.981903441360629,"fora de 1,5 × IQR"
21682806144_85_Z2,21682806144,85,2,15.417819196466668,declive_pct,-12.984906125558524,12.981903441360629,"fora de 1,5 × IQR"
21682806144_86_Z2,21682806144,86,2,16.34867951927174,declive_pct,-12.984906125558524,12.981903441360629,"fora de 1,5 × IQR"
21682806144_88_Z2,21682806144,88,2,31.2872811848556,declive_pct,-12.984906125558524,12.981903441360629,"fora de 1,5 × IQR"
21703191468_23_Z2,21703191468,23,2,20.30225831652868,declive_pct,-12.984906125558524,12.981903441360629,"fora de 1,5 × IQR"
21703191468_25_Z2,21703191468,25,2,-16.086635861178877,declive_pct,-12.984906125558524,12.981903441360629,"fora de 1,5 × IQR"
21703191468_33_Z4,21703191468,33,4,13.380519991081826,declive_pct,-12.984906125558524,12.981903441360629,"fora de 1,5 × IQR"
21703191468_35_Z4,21703191468,35,4,-16.509431883763824,declive_pct,-12.984906125558524,12.981903441360629,"fora de 1,5 × IQR"
21703191468_40_Z4,21703191468,40,4,-21.453430651184505,declive_pct,-12.984906125558524,12.981903441360629,"fora de 1,5 × IQR"
21703191468_42_Z4,21703191468,42,4,16.77420853591775,declive_pct,-12.984906125558524,12.981903441360629,"fora de 1,5 × IQR"
21703191468_44_Z4,21703191468,44,4,-13.960837828331336,declive_pct,-12.984906125558524,12.981903441360629,"fora de 1,5 × IQR"
21703191468_49_Z4,21703191468,49,4,-22.12134884611618,declive_pct,-12.984906125558524,12.981903441360629,"fora de 1,5 × IQR"
21703191468_51_Z4,21703191468,51,4,26.375969834725996,declive_pct,-12.984906125558524,12.981903441360629,"fora de 1,5 × IQR"
21703191468_53_Z4,21703191468,53,4,-21.98976921092091,declive_pct,-12.984906125558524,12.981903441360629,"fora de 1,5 × IQR"
21703191468_59_Z4,21703191468,59,4,20.025859313335445,declive_pct,-12.984906125558524,12.981903441360629,"fora de 1,5 × IQR"
21703191468_61_Z3,21703191468,61,3,-19.927039822673976,declive_pct,-12.984906125558524,12.981903441360629,"fora de 1,5 × IQR"
21703191468_67_Z3,21703191468,67,3,-15.29620855573805,declive_pct,-12.984906125558524,12.981903441360629,"fora de 1,5 × IQR"
21703191468_68_Z3,21703191468,68,3,-18.779563322286062,declive_pct,-12.984906125558524,12.981903441360629,"fora de 1,5 × IQR"
21703191468_69_Z3,21703191468,69,3,-13.154189816660164,declive_pct,-12.984906125558524,12.981903441360629,"fora de 1,5 × IQR"
21729420815_49_Z4,21729420815,49,4,14.09325655931616,declive_pct,-12.984906125558524,12.981903441360629,"fora de 1,5 × IQR"
21729420815_53_Z4,21729420815,53,4,14.43944117864848,declive_pct,-12.984906125558524,12.981903441360629,"fora de 1,5 × IQR"
21729420815_54_Z4,21729420815,54,4,18.60926313752364,declive_pct,-12.984906125558524,12.981903441360629,"fora de 1,5 × IQR"
21729420815_146_Z4,21729420815,146,4,23.012838323224237,declive_pct,-12.984906125558524,12.981903441360629,"fora de 1,5 × IQR"
21729420815_149_Z4,21729420815,149,4,13.905362936120127,declive_pct,-12.984906125558524,12.981903441360629,"fora de 1,5 × IQR"
21729420815_159_Z4,21729420815,159,4,17.22803169067538,declive_pct,-12.984906125558524,12.981903441360629,"fora de 1,5 × IQR"
21729420815_170_Z4,21729420815,170,4,-22.024587842559413,declive_pct,-12.984906125558524,12.981903441360629,"fora de 1,5 × IQR"
21729420815_171_Z3,21729420815,171,3,-15.29351412947608,declive_pct,-12.984906125558524,12.981903441360629,"fora de 1,5 × IQR"
21729420815_176_Z4,21729420815,176,4,19.223898666594778,declive_pct,-12.984906125558524,12.981903441360629,"fora de 1,5 × IQR"
21729420815_177_Z4,21729420815,177,4,20.565670340459405,declive_pct,-12.984906125558524,12.981903441360629,"fora de 1,5 × IQR"
21729420815_185_Z4,21729420815,185,4,-15.108701290557178,declive_pct,-12.984906125558524,12.981903441360629,"fora de 1,5 × IQR"
21729420815_187_Z4,21729420815,187,4,-17.137961299649078,declive_pct,-12.984906125558524,12.981903441360629,"fora de 1,5 × IQR"
21729420815_196_Z4,21729420815,196,4,22.200709520013447,declive_pct,-12.984906125558524,12.981903441360629,"fora de 1,5 × IQR"
21729420815_200_Z4,21729420815,200,4,14.592357584079764,declive_pct,-12.984906125558524,12.981903441360629,"fora de 1,5 × IQR"
21729420815_204_Z4,21729420815,204,4,15.579623957010313,declive_pct,-12.984906125558524,12.981903441360629,"fora de 1,5 × IQR"
21729420815_205_Z4,21729420815,205,4,13.036482824800032,declive_pct,-12.984906125558524,12.981903441360629,"fora de 1,5 × IQR"
21729420815_207_Z4,21729420815,207,4,13.793128467943234,declive_pct,-12.984906125558524,12.981903441360629,"fora de 1,5 × IQR"
21729420815_214_Z3,21729420815,214,3,-25.808041208439025,declive_pct,-12.984906125558524,12.981903441360629,"fora de 1,5 × IQR"
21729420815_215_Z3,21729420815,215,3,-24.584811918379277,declive_pct,-12.984906125558524,12.981903441360629,"fora de 1,5 × IQR"
21729420815_237_Z4,21729420815,237,4,-16.04062305133135,declive_pct,-12.984906125558524,12.981903441360629,"fora de 1,5 × IQR"
21729420815_239_Z3,21729420815,239,3,-16.537790615200095,declive_pct,-12.984906125558524,12.981903441360629,"fora de 1,5 × IQR"
21729420815_242_Z4,21729420815,242,4,-37.09618591139133,declive_pct,-12.984906125558524,12.981903441360629,"fora de 1,5 × IQR"
21729420815_243_Z3,21729420815,243,3,-26.384593677306498,declive_pct,-12.984906125558524,12.981903441360629,"fora de 1,5 × IQR"
21729420815_246_Z4,21729420815,246,4,-15.109474584212789,declive_pct,-12.984906125558524,12.981903441360629,"fora de 1,5 × IQR"
21827489413_15_Z2,21827489413,15,2,19.065706648907167,declive_pct,-12.984906125558524,12.981903441360629,"fora de 1,5 × IQR"
21827489413_22_Z2,21827489413,22,2,-28.19738823985409,declive_pct,-12.984906125558524,12.981903441360629,"fora de 1,5 × IQR"
21827489413_25_Z2,21827489413,25,2,-14.722296279267766,declive_pct,-12.984906125558524,12.981903441360629,"fora de 1,5 × IQR"
21827489413_26_Z2,21827489413,26,2,-16.65600898563497,declive_pct,-12.984906125558524,12.981903441360629,"fora de 1,5 × IQR"
21827489413_30_Z2,21827489413,30,2,-26.481670162805585,declive_pct,-12.984906125558524,12.981903441360629,"fora de 1,5 × IQR"
21827489413_31_Z2,21827489413,31,2,-28.057524136866,declive_pct,-12.984906125558524,12.981903441360629,"fora de 1,5 × IQR"
21827489413_47_Z2,21827489413,47,2,14.26054180993492,declive_pct,-12.984906125558524,12.981903441360629,"fora de 1,5 × IQR"
21827489413_60_Z2,21827489413,60,2,-14.598380930418784,declive_pct,-12.984906125558524,12.981903441360629,"fora de 1,5 × IQR"
21827489413_65_Z3,21827489413,65,3,21.69232240597773,declive_pct,-12.984906125558524,12.981903441360629,"fora de 1,5 × IQR"
21827489413_70_Z2,21827489413,70,2,-16.66203558523881,declive_pct,-12.984906125558524,12.981903441360629,"fora de 1,5 × IQR"
21827489413_116_Z3,21827489413,116,3,20.030173335590234,declive_pct,-12.984906125558524,12.981903441360629,"fora de 1,5 × IQR"
21827489413_121_Z2,21827489413,121,2,18.11245789660541,declive_pct,-12.984906125558524,12.981903441360629,"fora de 1,5 × IQR"
21827489413_122_Z2,21827489413,122,2,17.665305150212475,declive_pct,-12.984906125558524,12.981903441360629,"fora de 1,5 × IQR"
21827489413_138_Z3,21827489413,138,3,-20.65933227911114,declive_pct,-12.984906125558524,12.981903441360629,"fora de 1,5 × IQR"
21848059283_17_Z2,21848059283,17,2,-14.631594640782309,declive_pct,-12.984906125558524,12.981903441360629,"fora de 1,5 × IQR"
21848059283_85_Z3,21848059283,85,3,-27.67437076945112,declive_pct,-12.984906125558524,12.981903441360629,"fora de 1,5 × IQR"
21848059283_103_Z3,21848059283,103,3,-14.357152683156071,declive_pct,-12.984906125558524,12.981903441360629,"fora de 1,5 × IQR"
21848059283_131_Z3,21848059283,131,3,17.245071889894348,declive_pct,-12.984906125558524,12.981903441360629,"fora de 1,5 × IQR"
21862167927_56_Z3,21862167927,56,3,-13.348729101674191,declive_pct,-12.984906125558524,12.981903441360629,"fora de 1,5 × IQR"
21862167927_174_Z4,21862167927,174,4,15.26289568057939,declive_pct,-12.984906125558524,12.981903441360629,"fora de 1,5 × IQR"
21862167927_183_Z4,21862167927,183,4,15.897276141282646,declive_pct,-12.984906125558524,12.981903441360629,"fora de 1,5 × IQR"
21862167927_184_Z4,21862167927,184,4,18.601606440483863,declive_pct,-12.984906125558524,12.981903441360629,"fora de 1,5 × IQR"
21862167927_317_Z5,21862167927,317,5,14.139594052719929,declive_pct,-12.984906125558524,12.981903441360629,"fora de 1,5 × IQR"
21909979898_44_Z2,21909979898,44,2,16.71393568501071,declive_pct,-12.984906125558524,12.981903441360629,"fora de 1,5 × IQR"
21909979898_81_Z3,21909979898,81,3,-16.28467961508045,declive_pct,-12.984906125558524,12.981903441360629,"fora de 1,5 × IQR"
21909979898_112_Z2,21909979898,112,2,-23.64544836848802,declive_pct,-12.984906125558524,12.981903441360629,"fora de 1,5 × IQR"
21946978854_9_Z1,21946978854,9,1,25.64851689409284,declive_pct,-12.984906125558524,12.981903441360629,"fora de 1,5 × IQR"
21946978854_10_Z1,21946978854,10,1,15.107683445969316,declive_pct,-12.984906125558524,12.981903441360629,"fora de 1,5 × IQR"
21946978854_16_Z1,21946978854,16,1,13.266182448971565,declive_pct,-12.984906125558524,12.981903441360629,"fora de 1,5 × IQR"
21946978854_42_Z4,21946978854,42,4,-16.51208387175393,declive_pct,-12.984906125558524,12.981903441360629,"fora de 1,5 × IQR"
21946978854_43_Z4,21946978854,43,4,-14.59028016896582,declive_pct,-12.984906125558524,12.981903441360629,"fora de 1,5 × IQR"
21946978854_51_Z4,21946978854,51,4,-14.577707120520015,declive_pct,-12.984906125558524,12.981903441360629,"fora de 1,5 × IQR"
21946978854_72_Z4,21946978854,72,4,13.3419336176986,declive_pct,-12.984906125558524,12.981903441360629,"fora de 1,5 × IQR"
21946978854_73_Z4,21946978854,73,4,19.865838475163287,declive_pct,-12.984906125558524,12.981903441360629,"fora de 1,5 × IQR"
21946978854_187_Z3,21946978854,187,3,13.427188828804333,declive_pct,-12.984906125558524,12.981903441360629,"fora de 1,5 × IQR"
21946978854_191_Z4,21946978854,191,4,15.24585153831822,declive_pct,-12.984906125558524,12.981903441360629,"fora de 1,5 × IQR"
21946978854_195_Z4,21946978854,195,4,-14.366146184369654,declive_pct,-12.984906125558524,12.981903441360629,"fora de 1,5 × IQR"
21946978854_200_Z4,21946978854,200,4,-22.42571183210748,declive_pct,-12.984906125558524,12.981903441360629,"fora de 1,5 × IQR"
21946978854_201_Z4,21946978854,201,4,-18.62062164179224,declive_pct,-12.984906125558524,12.981903441360629,"fora de 1,5 × IQR"
21946978854_242_Z3,21946978854,242,3,-14.22048295955301,declive_pct,-12.984906125558524,12.981903441360629,"fora de 1,5 × IQR"
22118031985_11_Z2,22118031985,11,2,14.309843056769296,declive_pct,-12.984906125558524,12.981903441360629,"fora de 1,5 × IQR"
22118031985_25_Z2,22118031985,25,2,-14.813296398433067,declive_pct,-12.984906125558524,12.981903441360629,"fora de 1,5 × IQR"
22118031985_29_Z2,22118031985,29,2,-13.798997197211747,declive_pct,-12.984906125558524,12.981903441360629,"fora de 1,5 × IQR"
22118031985_101_Z3,22118031985,101,3,14.556037583881334,declive_pct,-12.984906125558524,12.981903441360629,"fora de 1,5 × IQR"
22118031985_105_Z3,22118031985,105,3,-13.20290475247532,declive_pct,-12.984906125558524,12.981903441360629,"fora de 1,5 × IQR"
22118031985_110_Z2,22118031985,110,2,-17.697296577113093,declive_pct,-12.984906125558524,12.981903441360629,"fora de 1,5 × IQR"
22118031985_111_Z2,22118031985,111,2,-17.612946541286647,declive_pct,-12.984906125558524,12.981903441360629,"fora de 1,5 × IQR"
22118031985_126_Z3,22118031985,126,3,15.43551010316611,declive_pct,-12.984906125558524,12.981903441360629,"fora de 1,5 × IQR"
22118031985_127_Z3,22118031985,127,3,13.346399857275628,declive_pct,-12.984906125558524,12.981903441360629,"fora de 1,5 × IQR"
22118031985_129_Z3,22118031985,129,3,18.786488235778503,declive_pct,-12.984906125558524,12.981903441360629,"fora de 1,5 × IQR"
22118031985_137_Z3,22118031985,137,3,15.67685228504456,declive_pct,-12.984906125558524,12.981903441360629,"fora de 1,5 × IQR"
22118031985_139_Z3,22118031985,139,3,18.151442657326243,declive_pct,-12.984906125558524,12.981903441360629,"fora de 1,5 × IQR"
22259327797_51_Z5,22259327797,51,5,18.447049030863923,declive_pct,-12.984906125558524,12.981903441360629,"fora de 1,5 × IQR"
22259327797_52_Z5,22259327797,52,5,26.98975105426535,declive_pct,-12.984906125558524,12.981903441360629,"fora de 1,5 × IQR"
22259327797_53_Z5,22259327797,53,5,20.484827908424624,declive_pct,-12.984906125558524,12.981903441360629,"fora de 1,5 × IQR"
22259327797_55_Z5,22259327797,55,5,20.23050152754729,declive_pct,-12.984906125558524,12.981903441360629,"fora de 1,5 × IQR"
22259327797_56_Z4,22259327797,56,4,27.88686563096292,declive_pct,-12.984906125558524,12.981903441360629,"fora de 1,5 × IQR"
22259327797_57_Z5,22259327797,57,5,14.723570478530178,declive_pct,-12.984906125558524,12.981903441360629,"fora de 1,5 × IQR"
22259327797_58_Z4,22259327797,58,4,16.125373332836602,declive_pct,-12.984906125558524,12.981903441360629,"fora de 1,5 × IQR"
22259327797_61_Z4,22259327797,61,4,19.524446837354503,declive_pct,-12.984906125558524,12.981903441360629,"fora de 1,5 × IQR"
22259327797_62_Z4,22259327797,62,4,13.629958394571304,declive_pct,-12.984906125558524,12.981903441360629,"fora de 1,5 × IQR"
22259327797_72_Z4,22259327797,72,4,15.841686200673736,declive_pct,-12.984906125558524,12.981903441360629,"fora de 1,5 × IQR"
22259327797_78_Z5,22259327797,78,5,-16.732403392841775,declive_pct,-12.984906125558524,12.981903441360629,"fora de 1,5 × IQR"
22259327797_79_Z5,22259327797,79,5,-17.51138749934023,declive_pct,-12.984906125558524,12.981903441360629,"fora de 1,5 × IQR"
22259327797_81_Z5,22259327797,81,5,-21.92196353895929,declive_pct,-12.984906125558524,12.981903441360629,"fora de 1,5 × IQR"
22259327797_84_Z3,22259327797,84,3,-21.25393331644057,declive_pct,-12.984906125558524,12.981903441360629,"fora de 1,5 × IQR"
22259327797_85_Z3,22259327797,85,3,-19.79837593348429,declive_pct,-12.984906125558524,12.981903441360629,"fora de 1,5 × IQR"
22259327797_87_Z3,22259327797,87,3,-18.93284661065377,declive_pct,-12.984906125558524,12.981903441360629,"fora de 1,5 × IQR"
22259327797_88_Z3,22259327797,88,3,-15.61820234827701,declive_pct,-12.984906125558524,12.981903441360629,"fora de 1,5 × IQR"
22259327797_92_Z5,22259327797,92,5,-16.875631879358423,declive_pct,-12.984906125558524,12.981903441360629,"fora de 1,5 × IQR"
22259327797_115_Z5,22259327797,115,5,24.250434765397017,declive_pct,-12.984906125558524,12.981903441360629,"fora de 1,5 × IQR"
22259327797_120_Z4,22259327797,120,4,16.974464992849676,declive_pct,-12.984906125558524,12.981903441360629,"fora de 1,5 × IQR"
22259327797_135_Z5,22259327797,135,5,23.35263043510577,declive_pct,-12.984906125558524,12.981903441360629,"fora de 1,5 × IQR"
22259327797_136_Z5,22259327797,136,5,22.13189777380512,declive_pct,-12.984906125558524,12.981903441360629,"fora de 1,5 × IQR"
22259327797_137_Z5,22259327797,137,5,16.80689175225791,declive_pct,-12.984906125558524,12.981903441360629,"fora de 1,5 × IQR"
22259327797_138_Z5,22259327797,138,5,15.700519939360449,declive_pct,-12.984906125558524,12.981903441360629,"fora de 1,5 × IQR"
22259327797_139_Z5,22259327797,139,5,15.667473615488577,declive_pct,-12.984906125558524,12.981903441360629,"fora de 1,5 × IQR"
22259327797_159_Z5,22259327797,159,5,-14.129682474502374,declive_pct,-12.984906125558524,12.981903441360629,"fora de 1,5 × IQR"
22259327797_160_Z5,22259327797,160,5,-14.825380672756523,declive_pct,-12.984906125558524,12.981903441360629,"fora de 1,5 × IQR"
22259327797_161_Z5,22259327797,161,5,-16.113619001462553,declive_pct,-12.984906125558524,12.981903441360629,"fora de 1,5 × IQR"
22259327797_162_Z5,22259327797,162,5,-18.349971809091244,declive_pct,-12.984906125558524,12.981903441360629,"fora de 1,5 × IQR"
22259327797_168_Z5,22259327797,168,5,13.7360184091292,declive_pct,-12.984906125558524,12.981903441360629,"fora de 1,5 × IQR"
22259327797_169_Z5,22259327797,169,5,14.544234780554348,declive_pct,-12.984906125558524,12.981903441360629,"fora de 1,5 × IQR"
22259327797_170_Z5,22259327797,170,5,13.512454756792067,declive_pct,-12.984906125558524,12.981903441360629,"fora de 1,5 × IQR"
22259327797_172_Z5,22259327797,172,5,15.539882735480546,declive_pct,-12.984906125558524,12.981903441360629,"fora de 1,5 × IQR"
22259327797_178_Z4,22259327797,178,4,15.003051218954624,declive_pct,-12.984906125558524,12.981903441360629,"fora de 1,5 × IQR"
22259327797_179_Z4,22259327797,179,4,13.24687199659968,declive_pct,-12.984906125558524,12.981903441360629,"fora de 1,5 × IQR"
22259327797_181_Z5,22259327797,181,5,18.990719642393287,declive_pct,-12.984906125558524,12.981903441360629,"fora de 1,5 × IQR"
22259327797_182_Z5,22259327797,182,5,16.456970177801395,declive_pct,-12.984906125558524,12.981903441360629,"fora de 1,5 × IQR"
22259327797_199_Z4,22259327797,199,4,-14.084088621287949,declive_pct,-12.984906125558524,12.981903441360629,"fora de 1,5 × IQR"
22259327797_201_Z4,22259327797,201,4,-18.906221620033307,declive_pct,-12.984906125558524,12.981903441360629,"fora de 1,5 × IQR"
22259327797_212_Z5,22259327797,212,5,-15.483649163989298,declive_pct,-12.984906125558524,12.981903441360629,"fora de 1,5 × IQR"
22259327797_213_Z5,22259327797,213,5,-17.791932127264886,declive_pct,-12.984906125558524,12.981903441360629,"fora de 1,5 × IQR"
22259327797_214_Z5,22259327797,214,5,-16.896242788243285,declive_pct,-12.984906125558524,12.981903441360629,"fora de 1,5 × IQR"
22259327797_215_Z4,22259327797,215,4,-20.69813160073204,declive_pct,-12.984906125558524,12.981903441360629,"fora de 1,5 × IQR"
22259327797_218_Z4,22259327797,218,4,-14.61475252367643,declive_pct,-12.984906125558524,12.981903441360629,"fora de 1,5 × IQR"
22259327797_244_Z5,22259327797,244,5,-13.665354814305488,declive_pct,-12.984906125558524,12.981903441360629,"fora de 1,5 × IQR"
22259327797_245_Z5,22259327797,245,5,-13.002733386989972,declive_pct,-12.984906125558524,12.981903441360629,"fora de 1,5 × IQR"
22582028728_67_Z4,22582028728,67,4,16.131246116615074,declive_pct,-12.984906125558524,12.981903441360629,"fora de 1,5 × IQR"
22582028728_71_Z4,22582028728,71,4,17.663959587678846,declive_pct,-12.984906125558524,12.981903441360629,"fora de 1,5 × IQR"
22582028728_112_Z4,22582028728,112,4,-13.159041724507802,declive_pct,-12.984906125558524,12.981903441360629,"fora de 1,5 × IQR"
22582028728_130_Z4,22582028728,130,4,21.03323282856502,declive_pct,-12.984906125558524,12.981903441360629,"fora de 1,5 × IQR"
22582028728_131_Z5,22582028728,131,5,17.941827529761895,declive_pct,-12.984906125558524,12.981903441360629,"fora de 1,5 × IQR"
22582028728_148_Z4,22582028728,148,4,-15.335222224582708,declive_pct,-12.984906125558524,12.981903441360629,"fora de 1,5 × IQR"
22582028728_172_Z5,22582028728,172,5,-18.03891385603237,declive_pct,-12.984906125558524,12.981903441360629,"fora de 1,5 × IQR"
22582028728_176_Z4,22582028728,176,4,-13.953496787660072,declive_pct,-12.984906125558524,12.981903441360629,"fora de 1,5 × IQR"
22610623020_11_Z2,22610623020,11,2,13.445854144303894,declive_pct,-12.984906125558524,12.981903441360629,"fora de 1,5 × IQR"
22610623020_12_Z2,22610623020,12,2,31.44485723034404,declive_pct,-12.984906125558524,12.981903441360629,"fora de 1,5 × IQR"
22610623020_15_Z2,22610623020,15,2,-20.066703355189475,declive_pct,-12.984906125558524,12.981903441360629,"fora de 1,5 × IQR"
22610623020_18_Z2,22610623020,18,2,-14.088005388852936,declive_pct,-12.984906125558524,12.981903441360629,"fora de 1,5 × IQR"
22610623020_28_Z2,22610623020,28,2,-14.315717742109769,declive_pct,-12.984906125558524,12.981903441360629,"fora de 1,5 × IQR"
22610623020_34_Z2,22610623020,34,2,-16.84597252284169,declive_pct,-12.984906125558524,12.981903441360629,"fora de 1,5 × IQR"
22610623020_37_Z2,22610623020,37,2,13.442245179322867,declive_pct,-12.984906125558524,12.981903441360629,"fora de 1,5 × IQR"
22610623020_39_Z2,22610623020,39,2,-16.764850006363588,declive_pct,-12.984906125558524,12.981903441360629,"fora de 1,5 × IQR"
22610623020_85_Z2,22610623020,85,2,-19.444067049919795,declive_pct,-12.984906125558524,12.981903441360629,"fora de 1,5 × IQR"
22610623020_100_Z3,22610623020,100,3,17.83323246859095,declive_pct,-12.984906125558524,12.981903441360629,"fora de 1,5 × IQR"
22664327478_20_Z2,22664327478,20,2,15.262886246111748,declive_pct,-12.984906125558524,12.981903441360629,"fora de 1,5 × IQR"
22664327478_21_Z2,22664327478,21,2,16.616826779424628,declive_pct,-12.984906125558524,12.981903441360629,"fora de 1,5 × IQR"
22664327478_52_Z4,22664327478,52,4,13.471168237969096,declive_pct,-12.984906125558524,12.981903441360629,"fora de 1,5 × IQR"
22664327478_53_Z4,22664327478,53,4,24.05291219430057,declive_pct,-12.984906125558524,12.981903441360629,"fora de 1,5 × IQR"
22664327478_59_Z4,22664327478,59,4,15.452334485566212,declive_pct,-12.984906125558524,12.981903441360629,"fora de 1,5 × IQR"
22664327478_71_Z4,22664327478,71,4,15.727616340489137,declive_pct,-12.984906125558524,12.981903441360629,"fora de 1,5 × IQR"
22664327478_76_Z4,22664327478,76,4,-15.180648727586572,declive_pct,-12.984906125558524,12.981903441360629,"fora de 1,5 × IQR"
22664327478_77_Z4,22664327478,77,4,16.391012633911373,declive_pct,-12.984906125558524,12.981903441360629,"fora de 1,5 × IQR"
22664327478_79_Z4,22664327478,79,4,20.375148992647382,declive_pct,-12.984906125558524,12.981903441360629,"fora de 1,5 × IQR"
22664327478_83_Z4,22664327478,83,4,-16.847030102841018,declive_pct,-12.984906125558524,12.981903441360629,"fora de 1,5 × IQR"
22664327478_86_Z4,22664327478,86,4,-20.183407106300024,declive_pct,-12.984906125558524,12.981903441360629,"fora de 1,5 × IQR"
22664327478_87_Z4,22664327478,87,4,-22.370849222068955,declive_pct,-12.984906125558524,12.981903441360629,"fora de 1,5 × IQR"
22664327478_88_Z4,22664327478,88,4,-28.915371500290348,declive_pct,-12.984906125558524,12.981903441360629,"fora de 1,5 × IQR"
22664327478_89_Z4,22664327478,89,4,-32.164094953937706,declive_pct,-12.984906125558524,12.981903441360629,"fora de 1,5 × IQR"
22664327478_90_Z4,22664327478,90,4,-23.31756611462663,declive_pct,-12.984906125558524,12.981903441360629,"fora de 1,5 × IQR"
22664327478_91_Z4,22664327478,91,4,-13.093544854581978,declive_pct,-12.984906125558524,12.981903441360629,"fora de 1,5 × IQR"
22664327478_92_Z4,22664327478,92,4,15.240565599525668,declive_pct,-12.984906125558524,12.981903441360629,"fora de 1,5 × IQR"
22664327478_94_Z4,22664327478,94,4,22.68363476422371,declive_pct,-12.984906125558524,12.981903441360629,"fora de 1,5 × IQR"
22664327478_95_Z5,22664327478,95,5,25.956842848307588,declive_pct,-12.984906125558524,12.981903441360629,"fora de 1,5 × IQR"
22664327478_96_Z5,22664327478,96,5,31.449496220802985,declive_pct,-12.984906125558524,12.981903441360629,"fora de 1,5 × IQR"
22664327478_97_Z5,22664327478,97,5,28.46547582403912,declive_pct,-12.984906125558524,12.981903441360629,"fora de 1,5 × IQR"
22664327478_98_Z4,22664327478,98,4,19.385102906555744,declive_pct,-12.984906125558524,12.981903441360629,"fora de 1,5 × IQR"
22664327478_102_Z4,22664327478,102,4,-32.43141231881566,declive_pct,-12.984906125558524,12.981903441360629,"fora de 1,5 × IQR"
22664327478_103_Z3,22664327478,103,3,-29.210939370945766,declive_pct,-12.984906125558524,12.981903441360629,"fora de 1,5 × IQR"
22664327478_104_Z3,22664327478,104,3,-31.629667544705622,declive_pct,-12.984906125558524,12.981903441360629,"fora de 1,5 × IQR"
22664327478_105_Z3,22664327478,105,3,-25.1751376933895,declive_pct,-12.984906125558524,12.981903441360629,"fora de 1,5 × IQR"
22664327478_115_Z4,22664327478,115,4,13.136343153424605,declive_pct,-12.984906125558524,12.981903441360629,"fora de 1,5 × IQR"
22664327478_127_Z4,22664327478,127,4,-15.67150476605309,declive_pct,-12.984906125558524,12.981903441360629,"fora de 1,5 × IQR"
22664327478_132_Z4,22664327478,132,4,-13.677527866631864,declive_pct,-12.984906125558524,12.981903441360629,"fora de 1,5 × IQR"
22664327478_138_Z5,22664327478,138,5,13.379441962975193,declive_pct,-12.984906125558524,12.981903441360629,"fora de 1,5 × IQR"
22664327478_140_Z5,22664327478,140,5,22.335593754335832,declive_pct,-12.984906125558524,12.981903441360629,"fora de 1,5 × IQR"
22664327478_141_Z5,22664327478,141,5,19.427708304713175,declive_pct,-12.984906125558524,12.981903441360629,"fora de 1,5 × IQR"
22664327478_143_Z5,22664327478,143,5,13.947631894012716,declive_pct,-12.984906125558524,12.981903441360629,"fora de 1,5 × IQR"
22664327478_149_Z4,22664327478,149,4,-16.45789473647494,declive_pct,-12.984906125558524,12.981903441360629,"fora de 1,5 × IQR"
22664327478_150_Z4,22664327478,150,4,-29.66249331260713,declive_pct,-12.984906125558524,12.981903441360629,"fora de 1,5 × IQR"
22664327478_151_Z4,22664327478,151,4,-28.24477630148124,declive_pct,-12.984906125558524,12.981903441360629,"fora de 1,5 × IQR"
22664327478_152_Z4,22664327478,152,4,-22.31219666063498,declive_pct,-12.984906125558524,12.981903441360629,"fora de 1,5 × IQR"
22664327478_159_Z5,22664327478,159,5,18.019659873127125,declive_pct,-12.984906125558524,12.981903441360629,"fora de 1,5 × IQR"
22664327478_160_Z5,22664327478,160,5,20.677244231666123,declive_pct,-12.984906125558524,12.981903441360629,"fora de 1,5 × IQR"
22664327478_161_Z5,22664327478,161,5,23.422012202063,declive_pct,-12.984906125558524,12.981903441360629,"fora de 1,5 × IQR"
22664327478_189_Z5,22664327478,189,5,15.430146007539063,declive_pct,-12.984906125558524,12.981903441360629,"fora de 1,5 × IQR"
22664327478_190_Z5,22664327478,190,5,16.59232749225896,declive_pct,-12.984906125558524,12.981903441360629,"fora de 1,5 × IQR"
22664327478_192_Z5,22664327478,192,5,28.07187392396304,declive_pct,-12.984906125558524,12.981903441360629,"fora de 1,5 × IQR"
22664327478_198_Z4,22664327478,198,4,-16.988824164598896,declive_pct,-12.984906125558524,12.981903441360629,"fora de 1,5 × IQR"
22664327478_201_Z5,22664327478,201,5,13.401476246361426,declive_pct,-12.984906125558524,12.981903441360629,"fora de 1,5 × IQR"
22664327478_202_Z5,22664327478,202,5,22.344214362288422,declive_pct,-12.984906125558524,12.981903441360629,"fora de 1,5 × IQR"
22664327478_204_Z4,22664327478,204,4,15.98187941948379,declive_pct,-12.984906125558524,12.981903441360629,"fora de 1,5 × IQR"
22664327478_209_Z4,22664327478,209,4,-13.56532459792686,declive_pct,-12.984906125558524,12.981903441360629,"fora de 1,5 × IQR"
22664327478_210_Z4,22664327478,210,4,-14.201305225397505,declive_pct,-12.984906125558524,12.981903441360629,"fora de 1,5 × IQR"
22664327478_212_Z4,22664327478,212,4,-21.44020888605155,declive_pct,-12.984906125558524,12.981903441360629,"fora de 1,5 × IQR"
22664327478_213_Z4,22664327478,213,4,-23.58970742528311,declive_pct,-12.984906125558524,12.981903441360629,"fora de 1,5 × IQR"
22664327478_214_Z4,22664327478,214,4,-17.97371320957791,declive_pct,-12.984906125558524,12.981903441360629,"fora de 1,5 × IQR"
22664327478_215_Z4,22664327478,215,4,-18.77200288582958,declive_pct,-12.984906125558524,12.981903441360629,"fora de 1,5 × IQR"
22664327478_235_Z4,22664327478,235,4,13.226293012872134,declive_pct,-12.984906125558524,12.981903441360629,"fora de 1,5 × IQR"
22664327478_252_Z5,22664327478,252,5,16.207371066686278,declive_pct,-12.984906125558524,12.981903441360629,"fora de 1,5 × IQR"
22664327478_254_Z5,22664327478,254,5,16.67486308810419,declive_pct,-12.984906125558524,12.981903441360629,"fora de 1,5 × IQR"
22664327478_255_Z5,22664327478,255,5,25.52874110940797,declive_pct,-12.984906125558524,12.981903441360629,"fora de 1,5 × IQR"
22664327478_256_Z5,22664327478,256,5,18.707503261098395,declive_pct,-12.984906125558524,12.981903441360629,"fora de 1,5 × IQR"
22664327478_275_Z4,22664327478,275,4,-13.9433382910629,declive_pct,-12.984906125558524,12.981903441360629,"fora de 1,5 × IQR"
22664327478_278_Z5,22664327478,278,5,15.6570760945624,declive_pct,-12.984906125558524,12.981903441360629,"fora de 1,5 × IQR"
22664327478_282_Z5,22664327478,282,5,-15.32752259503252,declive_pct,-12.984906125558524,12.981903441360629,"fora de 1,5 × IQR"
22664327478_283_Z5,22664327478,283,5,-13.627582689799963,declive_pct,-12.984906125558524,12.981903441360629,"fora de 1,5 × IQR"
22664327478_284_Z4,22664327478,284,4,-18.90509038728635,declive_pct,-12.984906125558524,12.981903441360629,"fora de 1,5 × IQR"
22664327478_285_Z4,22664327478,285,4,-16.37060106990168,declive_pct,-12.984906125558524,12.981903441360629,"fora de 1,5 × IQR"
22664327478_294_Z5,22664327478,294,5,-13.372673413048346,declive_pct,-12.984906125558524,12.981903441360629,"fora de 1,5 × IQR"
22664327478_295_Z5,22664327478,295,5,-16.07757921743689,declive_pct,-12.984906125558524,12.981903441360629,"fora de 1,5 × IQR"
22910890927_66_Z3,22910890927,66,3,13.015603841746495,declive_pct,-12.984906125558524,12.981903441360629,"fora de 1,5 × IQR"
22910890927_110_Z4,22910890927,110,4,13.884734203442122,declive_pct,-12.984906125558524,12.981903441360629,"fora de 1,5 × IQR"
22910890927_167_Z4,22910890927,167,4,28.04973559590644,declive_pct,-12.984906125558524,12.981903441360629,"fora de 1,5 × IQR"
22910890927_194_Z5,22910890927,194,5,13.424680365355698,declive_pct,-12.984906125558524,12.981903441360629,"fora de 1,5 × IQR"
22910890927_195_Z5,22910890927,195,5,17.759851820722588,declive_pct,-12.984906125558524,12.981903441360629,"fora de 1,5 × IQR"
22910890927_205_Z4,22910890927,205,4,-15.20047233753371,declive_pct,-12.984906125558524,12.981903441360629,"fora de 1,5 × IQR"
22910890927_207_Z3,22910890927,207,3,-24.09903226499955,declive_pct,-12.984906125558524,12.981903441360629,"fora de 1,5 × IQR"
22910890927_258_Z4,22910890927,258,4,-15.692648699877964,declive_pct,-12.984906125558524,12.981903441360629,"fora de 1,5 × IQR"
23064485029_67_Z3,23064485029,67,3,17.093600130729925,declive_pct,-12.984906125558524,12.981903441360629,"fora de 1,5 × IQR"
23064485029_71_Z3,23064485029,71,3,13.36427957188306,declive_pct,-12.984906125558524,12.981903441360629,"fora de 1,5 × IQR"
23064485029_72_Z3,23064485029,72,3,13.79608697145926,declive_pct,-12.984906125558524,12.981903441360629,"fora de 1,5 × IQR"
23064485029_174_Z1,23064485029,174,1,-24.573432381485244,declive_pct,-12.984906125558524,12.981903441360629,"fora de 1,5 × IQR"
23064485029_175_Z1,23064485029,175,1,-14.77633138222285,declive_pct,-12.984906125558524,12.981903441360629,"fora de 1,5 × IQR"
23064485029_176_Z1,23064485029,176,1,-24.306586539072388,declive_pct,-12.984906125558524,12.981903441360629,"fora de 1,5 × IQR"
23064485029_177_Z1,23064485029,177,1,-21.4880473169033,declive_pct,-12.984906125558524,12.981903441360629,"fora de 1,5 × IQR"
23161986328_12_Z4,23161986328,12,4,14.38444412265062,declive_pct,-12.984906125558524,12.981903441360629,"fora de 1,5 × IQR"
23161986328_17_Z4,23161986328,17,4,13.920072733440747,declive_pct,-12.984906125558524,12.981903441360629,"fora de 1,5 × IQR"
23161986328_19_Z4,23161986328,19,4,15.448541844569036,declive_pct,-12.984906125558524,12.981903441360629,"fora de 1,5 × IQR"
23161986328_20_Z4,23161986328,20,4,15.613288381599205,declive_pct,-12.984906125558524,12.981903441360629,"fora de 1,5 × IQR"
23161986328_22_Z4,23161986328,22,4,19.135612220565463,declive_pct,-12.984906125558524,12.981903441360629,"fora de 1,5 × IQR"
23161986328_23_Z4,23161986328,23,4,16.349322003743055,declive_pct,-12.984906125558524,12.981903441360629,"fora de 1,5 × IQR"
23161986328_24_Z4,23161986328,24,4,15.26419976540592,declive_pct,-12.984906125558524,12.981903441360629,"fora de 1,5 × IQR"
23161986328_25_Z4,23161986328,25,4,21.50982193934965,declive_pct,-12.984906125558524,12.981903441360629,"fora de 1,5 × IQR"
23161986328_26_Z4,23161986328,26,4,27.2699020561372,declive_pct,-12.984906125558524,12.981903441360629,"fora de 1,5 × IQR"
23161986328_27_Z4,23161986328,27,4,32.31023845374989,declive_pct,-12.984906125558524,12.981903441360629,"fora de 1,5 × IQR"
23161986328_28_Z4,23161986328,28,4,31.75550866821868,declive_pct,-12.984906125558524,12.981903441360629,"fora de 1,5 × IQR"
23161986328_29_Z5,23161986328,29,5,37.87136940798587,declive_pct,-12.984906125558524,12.981903441360629,"fora de 1,5 × IQR"
23161986328_31_Z4,23161986328,31,4,26.119781460498643,declive_pct,-12.984906125558524,12.981903441360629,"fora de 1,5 × IQR"
23161986328_35_Z4,23161986328,35,4,22.619723695478346,declive_pct,-12.984906125558524,12.981903441360629,"fora de 1,5 × IQR"
23161986328_38_Z4,23161986328,38,4,37.09916804181853,declive_pct,-12.984906125558524,12.981903441360629,"fora de 1,5 × IQR"
23161986328_39_Z4,23161986328,39,4,16.995166241546258,declive_pct,-12.984906125558524,12.981903441360629,"fora de 1,5 × IQR"
23161986328_44_Z4,23161986328,44,4,-15.048823159203266,declive_pct,-12.984906125558524,12.981903441360629,"fora de 1,5 × IQR"
23161986328_45_Z4,23161986328,45,4,-16.515496202688155,declive_pct,-12.984906125558524,12.981903441360629,"fora de 1,5 × IQR"
23161986328_46_Z4,23161986328,46,4,-16.06062101397538,declive_pct,-12.984906125558524,12.981903441360629,"fora de 1,5 × IQR"
23161986328_47_Z4,23161986328,47,4,-13.43371358078616,declive_pct,-12.984906125558524,12.981903441360629,"fora de 1,5 × IQR"
23161986328_59_Z4,23161986328,59,4,-16.988646262007023,declive_pct,-12.984906125558524,12.981903441360629,"fora de 1,5 × IQR"
23161986328_60_Z4,23161986328,60,4,-17.855215047168713,declive_pct,-12.984906125558524,12.981903441360629,"fora de 1,5 × IQR"
23161986328_68_Z4,23161986328,68,4,-13.855730177255056,declive_pct,-12.984906125558524,12.981903441360629,"fora de 1,5 × IQR"
23161986328_73_Z4,23161986328,73,4,-15.9518494950471,declive_pct,-12.984906125558524,12.981903441360629,"fora de 1,5 × IQR"
23161986328_78_Z4,23161986328,78,4,-13.06673128232569,declive_pct,-12.984906125558524,12.981903441360629,"fora de 1,5 × IQR"
23161986328_84_Z5,23161986328,84,5,22.02558030690807,declive_pct,-12.984906125558524,12.981903441360629,"fora de 1,5 × IQR"
23161986328_85_Z5,23161986328,85,5,16.17128053736883,declive_pct,-12.984906125558524,12.981903441360629,"fora de 1,5 × IQR"
23161986328_97_Z5,23161986328,97,5,15.65777582669284,declive_pct,-12.984906125558524,12.981903441360629,"fora de 1,5 × IQR"
23161986328_98_Z5,23161986328,98,5,15.593960721371104,declive_pct,-12.984906125558524,12.981903441360629,"fora de 1,5 × IQR"
23161986328_99_Z5,23161986328,99,5,20.375686016899408,declive_pct,-12.984906125558524,12.981903441360629,"fora de 1,5 × IQR"
23161986328_100_Z5,23161986328,100,5,21.06804397895462,declive_pct,-12.984906125558524,12.981903441360629,"fora de 1,5 × IQR"
23161986328_101_Z5,23161986328,101,5,22.05845418968852,declive_pct,-12.984906125558524,12.981903441360629,"fora de 1,5 × IQR"
23161986328_102_Z5,23161986328,102,5,24.849269486674302,declive_pct,-12.984906125558524,12.981903441360629,"fora de 1,5 × IQR"
23161986328_103_Z5,23161986328,103,5,26.994878591539877,declive_pct,-12.984906125558524,12.981903441360629,"fora de 1,5 × IQR"
23161986328_104_Z5,23161986328,104,5,31.694595875148707,declive_pct,-12.984906125558524,12.981903441360629,"fora de 1,5 × IQR"
23161986328_105_Z5,23161986328,105,5,36.64763404989276,declive_pct,-12.984906125558524,12.981903441360629,"fora de 1,5 × IQR"
23161986328_107_Z4,23161986328,107,4,19.537530176232167,declive_pct,-12.984906125558524,12.981903441360629,"fora de 1,5 × IQR"
23161986328_117_Z4,23161986328,117,4,-27.6673753183768,declive_pct,-12.984906125558524,12.981903441360629,"fora de 1,5 × IQR"
23161986328_118_Z4,23161986328,118,4,-14.711867360857696,declive_pct,-12.984906125558524,12.981903441360629,"fora de 1,5 × IQR"
23161986328_119_Z4,23161986328,119,4,-13.630892299154311,declive_pct,-12.984906125558524,12.981903441360629,"fora de 1,5 × IQR"
23161986328_120_Z4,23161986328,120,4,-23.080885371819026,declive_pct,-12.984906125558524,12.981903441360629,"fora de 1,5 × IQR"
23161986328_121_Z4,23161986328,121,4,-24.952041654679302,declive_pct,-12.984906125558524,12.981903441360629,"fora de 1,5 × IQR"
23161986328_122_Z4,23161986328,122,4,-24.21766043836305,declive_pct,-12.984906125558524,12.981903441360629,"fora de 1,5 × IQR"
23161986328_123_Z4,23161986328,123,4,-28.221369169702484,declive_pct,-12.984906125558524,12.981903441360629,"fora de 1,5 × IQR"
23161986328_125_Z3,23161986328,125,3,-25.377716786028717,declive_pct,-12.984906125558524,12.981903441360629,"fora de 1,5 × IQR"
23161986328_126_Z3,23161986328,126,3,-13.81418376132683,declive_pct,-12.984906125558524,12.981903441360629,"fora de 1,5 × IQR"
23161986328_127_Z3,23161986328,127,3,-29.88503625592989,declive_pct,-12.984906125558524,12.981903441360629,"fora de 1,5 × IQR"
23161986328_128_Z3,23161986328,128,3,-17.496125709569696,declive_pct,-12.984906125558524,12.981903441360629,"fora de 1,5 × IQR"
23161986328_129_Z3,23161986328,129,3,-16.11522998317855,declive_pct,-12.984906125558524,12.981903441360629,"fora de 1,5 × IQR"
23161986328_130_Z3,23161986328,130,3,-17.652179845627415,declive_pct,-12.984906125558524,12.981903441360629,"fora de 1,5 × IQR"
23161986328_132_Z3,23161986328,132,3,-15.597146262814022,declive_pct,-12.984906125558524,12.981903441360629,"fora de 1,5 × IQR"
23161986328_143_Z4,23161986328,143,4,-13.199150058766236,declive_pct,-12.984906125558524,12.981903441360629,"fora de 1,5 × IQR"
23161986328_146_Z5,23161986328,146,5,15.072488875216097,declive_pct,-12.984906125558524,12.981903441360629,"fora de 1,5 × IQR"
23161986328_152_Z4,23161986328,152,4,14.99989962913105,declive_pct,-12.984906125558524,12.981903441360629,"fora de 1,5 × IQR"
23161986328_153_Z4,23161986328,153,4,15.631562453403603,declive_pct,-12.984906125558524,12.981903441360629,"fora de 1,5 × IQR"
23161986328_170_Z4,23161986328,170,4,20.19341115289035,declive_pct,-12.984906125558524,12.981903441360629,"fora de 1,5 × IQR"
23161986328_171_Z4,23161986328,171,4,17.183562039705294,declive_pct,-12.984906125558524,12.981903441360629,"fora de 1,5 × IQR"
23161986328_172_Z4,23161986328,172,4,20.697656868071817,declive_pct,-12.984906125558524,12.981903441360629,"fora de 1,5 × IQR"
23161986328_174_Z4,23161986328,174,4,19.011336217741928,declive_pct,-12.984906125558524,12.981903441360629,"fora de 1,5 × IQR"
23161986328_175_Z4,23161986328,175,4,14.77307010948789,declive_pct,-12.984906125558524,12.981903441360629,"fora de 1,5 × IQR"
23161986328_176_Z4,23161986328,176,4,17.0046165492015,declive_pct,-12.984906125558524,12.981903441360629,"fora de 1,5 × IQR"
23161986328_177_Z5,23161986328,177,5,16.05548411298014,declive_pct,-12.984906125558524,12.981903441360629,"fora de 1,5 × IQR"
23161986328_182_Z4,23161986328,182,4,17.549418473552805,declive_pct,-12.984906125558524,12.981903441360629,"fora de 1,5 × IQR"
23161986328_183_Z4,23161986328,183,4,16.27735488880535,declive_pct,-12.984906125558524,12.981903441360629,"fora de 1,5 × IQR"
23161986328_184_Z4,23161986328,184,4,16.44704885023566,declive_pct,-12.984906125558524,12.981903441360629,"fora de 1,5 × IQR"
23161986328_185_Z5,23161986328,185,5,19.744292773284315,declive_pct,-12.984906125558524,12.981903441360629,"fora de 1,5 × IQR"
23161986328_186_Z5,23161986328,186,5,13.72227518249406,declive_pct,-12.984906125558524,12.981903441360629,"fora de 1,5 × IQR"
23161986328_187_Z4,23161986328,187,4,14.760205008438106,declive_pct,-12.984906125558524,12.981903441360629,"fora de 1,5 × IQR"
23161986328_188_Z4,23161986328,188,4,14.325447308060802,declive_pct,-12.984906125558524,12.981903441360629,"fora de 1,5 × IQR"
23161986328_189_Z4,23161986328,189,4,14.677449547310973,declive_pct,-12.984906125558524,12.981903441360629,"fora de 1,5 × IQR"
23161986328_194_Z4,23161986328,194,4,19.55132503531786,declive_pct,-12.984906125558524,12.981903441360629,"fora de 1,5 × IQR"
23161986328_195_Z5,23161986328,195,5,26.908864164351822,declive_pct,-12.984906125558524,12.981903441360629,"fora de 1,5 × IQR"
23161986328_196_Z5,23161986328,196,5,31.18316066535226,declive_pct,-12.984906125558524,12.981903441360629,"fora de 1,5 × IQR"
23161986328_197_Z5,23161986328,197,5,25.640519080830472,declive_pct,-12.984906125558524,12.981903441360629,"fora de 1,5 × IQR"
23161986328_203_Z4,23161986328,203,4,13.661611944696231,declive_pct,-12.984906125558524,12.981903441360629,"fora de 1,5 × IQR"
23161986328_224_Z5,23161986328,224,5,14.89149026261066,declive_pct,-12.984906125558524,12.981903441360629,"fora de 1,5 × IQR"
23161986328_227_Z4,23161986328,227,4,17.128621727128575,declive_pct,-12.984906125558524,12.981903441360629,"fora de 1,5 × IQR"
23161986328_229_Z4,23161986328,229,4,17.414948942341653,declive_pct,-12.984906125558524,12.981903441360629,"fora de 1,5 × IQR"
23161986328_232_Z4,23161986328,232,4,14.705595681810337,declive_pct,-12.984906125558524,12.981903441360629,"fora de 1,5 × IQR"
23161986328_233_Z4,23161986328,233,4,21.383053752221716,declive_pct,-12.984906125558524,12.981903441360629,"fora de 1,5 × IQR"
23161986328_234_Z4,23161986328,234,4,20.887162230355894,declive_pct,-12.984906125558524,12.981903441360629,"fora de 1,5 × IQR"
23161986328_235_Z4,23161986328,235,4,17.928859257508975,declive_pct,-12.984906125558524,12.981903441360629,"fora de 1,5 × IQR"
23161986328_236_Z4,23161986328,236,4,15.055485396225322,declive_pct,-12.984906125558524,12.981903441360629,"fora de 1,5 × IQR"
23161986328_237_Z4,23161986328,237,4,14.942006217905146,declive_pct,-12.984906125558524,12.981903441360629,"fora de 1,5 × IQR"
23161986328_238_Z4,23161986328,238,4,18.17196146865308,declive_pct,-12.984906125558524,12.981903441360629,"fora de 1,5 × IQR"
23161986328_242_Z4,23161986328,242,4,-13.05449002253863,declive_pct,-12.984906125558524,12.981903441360629,"fora de 1,5 × IQR"
23161986328_251_Z5,23161986328,251,5,-13.642340393890665,declive_pct,-12.984906125558524,12.981903441360629,"fora de 1,5 × IQR"
23161986328_252_Z4,23161986328,252,4,-17.624337299228046,declive_pct,-12.984906125558524,12.981903441360629,"fora de 1,5 × IQR"
23161986328_253_Z4,23161986328,253,4,-19.423184641208536,declive_pct,-12.984906125558524,12.981903441360629,"fora de 1,5 × IQR"
23161986328_254_Z4,23161986328,254,4,-17.524739353666064,declive_pct,-12.984906125558524,12.981903441360629,"fora de 1,5 × IQR"
23161986328_255_Z4,23161986328,255,4,-16.273576862151913,declive_pct,-12.984906125558524,12.981903441360629,"fora de 1,5 × IQR"
23161986328_256_Z4,23161986328,256,4,-14.53078549322072,declive_pct,-12.984906125558524,12.981903441360629,"fora de 1,5 × IQR"
23161986328_258_Z4,23161986328,258,4,-15.638630967646804,declive_pct,-12.984906125558524,12.981903441360629,"fora de 1,5 × IQR"
23161986328_265_Z5,23161986328,265,5,-17.08372679662807,declive_pct,-12.984906125558524,12.981903441360629,"fora de 1,5 × IQR"
23161986328_269_Z5,23161986328,269,5,-13.352447641080971,declive_pct,-12.984906125558524,12.981903441360629,"fora de 1,5 × IQR"
23161986328_270_Z4,23161986328,270,4,-13.429402206498024,declive_pct,-12.984906125558524,12.981903441360629,"fora de 1,5 × IQR"
23161986328_274_Z5,23161986328,274,5,-15.123873791339063,declive_pct,-12.984906125558524,12.981903441360629,"fora de 1,5 × IQR"
23161986328_275_Z4,23161986328,275,4,-17.24598974018727,declive_pct,-12.984906125558524,12.981903441360629,"fora de 1,5 × IQR"
23161986328_277_Z4,23161986328,277,4,-17.5616413485659,declive_pct,-12.984906125558524,12.981903441360629,"fora de 1,5 × IQR"
23161986328_278_Z4,23161986328,278,4,-16.589819260902004,declive_pct,-12.984906125558524,12.981903441360629,"fora de 1,5 × IQR"
23161986328_286_Z4,23161986328,286,4,-14.649196524095489,declive_pct,-12.984906125558524,12.981903441360629,"fora de 1,5 × IQR"
23161986328_295_Z4,23161986328,295,4,-26.34015960820693,declive_pct,-12.984906125558524,12.981903441360629,"fora de 1,5 × IQR"
23161986328_297_Z3,23161986328,297,3,-31.883495610186174,declive_pct,-12.984906125558524,12.981903441360629,"fora de 1,5 × IQR"
23161986328_298_Z3,23161986328,298,3,-29.22501730806948,declive_pct,-12.984906125558524,12.981903441360629,"fora de 1,5 × IQR"
23161986328_300_Z4,23161986328,300,4,-31.21497257903934,declive_pct,-12.984906125558524,12.981903441360629,"fora de 1,5 × IQR"
23161986328_301_Z4,23161986328,301,4,-24.685742520546228,declive_pct,-12.984906125558524,12.981903441360629,"fora de 1,5 × IQR"
23161986328_302_Z4,23161986328,302,4,-17.05741358411069,declive_pct,-12.984906125558524,12.981903441360629,"fora de 1,5 × IQR"
23161986328_303_Z4,23161986328,303,4,-14.809123938662196,declive_pct,-12.984906125558524,12.981903441360629,"fora de 1,5 × IQR"
23161986328_315_Z4,23161986328,315,4,-19.81639965660156,declive_pct,-12.984906125558524,12.981903441360629,"fora de 1,5 × IQR"
23161986328_316_Z4,23161986328,316,4,-19.244947667753195,declive_pct,-12.984906125558524,12.981903441360629,"fora de 1,5 × IQR"
23161986328_319_Z4,23161986328,319,4,-16.958962587877295,declive_pct,-12.984906125558524,12.981903441360629,"fora de 1,5 × IQR"
23161986328_321_Z4,23161986328,321,4,-18.725628232805548,declive_pct,-12.984906125558524,12.981903441360629,"fora de 1,5 × IQR"
23161986328_323_Z4,23161986328,323,4,-15.373821713596726,declive_pct,-12.984906125558524,12.981903441360629,"fora de 1,5 × IQR"
23161986328_326_Z3,23161986328,326,3,-17.075741592409486,declive_pct,-12.984906125558524,12.981903441360629,"fora de 1,5 × IQR"
23161986328_327_Z3,23161986328,327,3,-17.1759316486,declive_pct,-12.984906125558524,12.981903441360629,"fora de 1,5 × IQR"
23161986328_328_Z3,23161986328,328,3,-21.131716984373725,declive_pct,-12.984906125558524,12.981903441360629,"fora de 1,5 × IQR"
23161986328_338_Z3,23161986328,338,3,-17.245941897388548,declive_pct,-12.984906125558524,12.981903441360629,"fora de 1,5 × IQR"
23356119297_120_Z3,23356119297,120,3,17.14659533675581,declive_pct,-12.984906125558524,12.981903441360629,"fora de 1,5 × IQR"
23356119297_121_Z4,23356119297,121,4,16.63137293494094,declive_pct,-12.984906125558524,12.981903441360629,"fora de 1,5 × IQR"
23996168837_67_Z5,23996168837,67,5,15.814590446093034,declive_pct,-12.984906125558524,12.981903441360629,"fora de 1,5 × IQR"
23996168837_71_Z5,23996168837,71,5,13.960787091811651,declive_pct,-12.984906125558524,12.981903441360629,"fora de 1,5 × IQR"
23996168837_72_Z5,23996168837,72,5,13.0570983709315,declive_pct,-12.984906125558524,12.981903441360629,"fora de 1,5 × IQR"
23996168837_85_Z3,23996168837,85,3,-15.553826716893582,declive_pct,-12.984906125558524,12.981903441360629,"fora de 1,5 × IQR"
23996168837_86_Z3,23996168837,86,3,-14.8547267183788,declive_pct,-12.984906125558524,12.981903441360629,"fora de 1,5 × IQR"
23996168837_108_Z2,23996168837,108,2,-13.473026051208024,declive_pct,-12.984906125558524,12.981903441360629,"fora de 1,5 × IQR"
24069625931_65_Z4,24069625931,65,4,16.050719326431903,declive_pct,-12.984906125558524,12.981903441360629,"fora de 1,5 × IQR"
24069625931_69_Z4,24069625931,69,4,14.684787611309789,declive_pct,-12.984906125558524,12.981903441360629,"fora de 1,5 × IQR"
24069625931_70_Z4,24069625931,70,4,14.572696645460098,declive_pct,-12.984906125558524,12.981903441360629,"fora de 1,5 × IQR"
24069625931_149_Z2,24069625931,149,2,-14.23766054565158,declive_pct,-12.984906125558524,12.981903441360629,"fora de 1,5 × IQR"
24069625931_150_Z2,24069625931,150,2,-18.71477419894097,declive_pct,-12.984906125558524,12.981903441360629,"fora de 1,5 × IQR"
24069625931_182_Z4,24069625931,182,4,-15.945657161935287,declive_pct,-12.984906125558524,12.981903441360629,"fora de 1,5 × IQR"
24069625931_183_Z3,24069625931,183,3,-16.372266225360363,declive_pct,-12.984906125558524,12.981903441360629,"fora de 1,5 × IQR"
24069625931_184_Z3,24069625931,184,3,-23.9371836284688,declive_pct,-12.984906125558524,12.981903441360629,"fora de 1,5 × IQR"
24069625931_185_Z3,24069625931,185,3,-17.12209851336587,declive_pct,-12.984906125558524,12.981903441360629,"fora de 1,5 × IQR"
